{
    "lstm": {
        "acc_mean": 0.877,
        "acc_std": 0.09884836872705587
    },
    "csnn": {
        "acc_mean": 0.9130000000000001,
        "acc_std": 0.08444524853418336
    },
    "beta-snn": {
        "acc_mean": 0.9750000000000001,
        "acc_std": 0.04555216789572149
    }
}