{
    "lstm": {
        "acc_mean": 0.10231370192307693,
        "acc_std": 0.019928807965235103
    },
    "csnn": {
        "acc_mean": 0.30431189903846156,
        "acc_std": 0.02742607255246517
    },
    "beta-snn": {
        "acc_mean": 0.7355769230769231,
        "acc_std": 0.04738077727025727
    }
}