{
    "lstm": {
        "acc_mean": 0.4296875,
        "acc_std": 0.03886669676197734
    },
    "csnn": {
        "acc_mean": 0.7959735576923077,
        "acc_std": 0.026732657977510014
    },
    "beta-snn": {
        "acc_mean": 0.9731820913461539,
        "acc_std": 0.016754160751619316
    }
}