{
    "lstm": {
        "acc_mean": 0.7175480769230769,
        "acc_std": 0.03308564809735771
    },
    "csnn": {
        "acc_mean": 0.4716045673076923,
        "acc_std": 0.047405305489683046
    },
    "beta-snn": {
        "acc_mean": 0.2966496394230769,
        "acc_std": 0.04520906428027028
    }
}