{
    "lstm": {
        "acc_mean": 0.8297776442307692,
        "acc_std": 0.03330968586073441
    },
    "csnn": {
        "acc_mean": 0.9425330528846154,
        "acc_std": 0.027495119216790802
    },
    "ersnn": {
        "acc_mean": 0.9476412259615384,
        "acc_std": 0.02374451722780332
    }
}