{
    "ersnn": {
        "acc_mean": 0.3604266826923077,
        "acc_std": 0.19726367976075287
    }
}