{
    "lstm": {
        "acc_mean": 0.7515024038461539,
        "acc_std": 0.038646546472763256
    },
    "csnn": {
        "acc_mean": 0.900390625,
        "acc_std": 0.021661204114080894
    },
    "ersnn": {
        "acc_mean": 0.8990384615384616,
        "acc_std": 0.02850294119406413
    }
}