{
    "lstm": {
        "acc_mean": 0.19561298076923078,
        "acc_std": 0.03243940062880994
    },
    "csnn": {
        "acc_mean": 0.10674579326923077,
        "acc_std": 0.025157863435238025
    },
    "ersnn": {
        "acc_mean": 0.29642427884615385,
        "acc_std": 0.052956059354812644
    }
}