{
    "ersnn": {
        "acc_mean": 0.8541917067307692,
        "acc_std": 0.0422418014571163
    }
}