{
    "ersnn": {
        "acc_mean": 0.2754657451923077,
        "acc_std": 0.04737976491074811
    }
}