{
    "lstm": {
        "acc_mean": 0.802734375,
        "acc_std": 0.04432345983558678
    },
    "csnn": {
        "acc_mean": 0.9305889423076923,
        "acc_std": 0.02125357215777166
    },
    "ersnn": {
        "acc_mean": 0.8977614182692308,
        "acc_std": 0.030096771691393662
    }
}