{
    "lstm": {
        "acc_mean": 0.7397836538461539,
        "acc_std": 0.03968053063661297
    },
    "csnn": {
        "acc_mean": 0.8722956730769231,
        "acc_std": 0.027698068916096715
    },
    "beta-snn": {
        "acc_mean": 0.9712289663461539,
        "acc_std": 0.008976470084136053
    }
}