{
    "lstm": {
        "acc_mean": 0.32421875,
        "acc_std": 0.03746743377588062
    },
    "csnn": {
        "acc_mean": 0.28771033653846156,
        "acc_std": 0.04187450451428465
    },
    "ersnn": {
        "acc_mean": 0.8586989182692308,
        "acc_std": 0.021000225625931467
    }
}