{
    "lstm": {
        "acc_mean": 0.705078125,
        "acc_std": 0.04073565159104338
    },
    "csnn": {
        "acc_mean": 0.373046875,
        "acc_std": 0.029684929987442703
    },
    "ersnn": {
        "acc_mean": 0.1826923076923077,
        "acc_std": 0.044575590402753704
    }
}