{
    "lstm": {
        "acc_mean": 0.5518329326923077,
        "acc_std": 0.02352737560019549
    },
    "csnn": {
        "acc_mean": 0.8881460336538461,
        "acc_std": 0.01755804938209487
    },
    "ersnn": {
        "acc_mean": 0.9061748798076923,
        "acc_std": 0.01027994512318712
    }
}