{
    "lstm": {
        "acc_mean": 0.7955228365384616,
        "acc_std": 0.02150222832704517
    },
    "csnn": {
        "acc_mean": 0.8842397836538461,
        "acc_std": 0.018707039578050696
    },
    "beta-snn": {
        "acc_mean": 0.9668719951923077,
        "acc_std": 0.008463949113523522
    }
}