{
    "lstm": {
        "acc_mean": 0.6246995192307692,
        "acc_std": 0.02555853461217641
    },
    "csnn": {
        "acc_mean": 0.349609375,
        "acc_std": 0.030446205601796672
    },
    "ersnn": {
        "acc_mean": 0.4454627403846154,
        "acc_std": 0.050713418724691
    }
}