{
    "ersnn": {
        "acc_mean": 0.2822265625,
        "acc_std": 0.022923231629502935
    }
}