{
    "lstm": {
        "acc_mean": 0.5872145432692308,
        "acc_std": 0.039787826656125784
    },
    "csnn": {
        "acc_mean": 0.6344651442307692,
        "acc_std": 0.040958901675554396
    },
    "beta-snn": {
        "acc_mean": 0.15857872596153846,
        "acc_std": 0.04365090815637907
    }
}