{
    "lstm": {
        "acc_mean": 0.6018629807692308,
        "acc_std": 0.04184134021535414
    },
    "csnn": {
        "acc_mean": 0.6294320913461539,
        "acc_std": 0.030066006519722337
    },
    "beta-snn": {
        "acc_mean": 0.6808143028846154,
        "acc_std": 0.04193987986813639
    }
}