{
    "ersnn": {
        "acc_mean": 0.9529747596153846,
        "acc_std": 0.015630055348980237
    }
}