{
    "lstm": {
        "acc_mean": 0.44583834134615385,
        "acc_std": 0.023202169877974552
    },
    "csnn": {
        "acc_mean": 0.7289663461538461,
        "acc_std": 0.03383712327966971
    },
    "ersnn": {
        "acc_mean": 0.5186298076923077,
        "acc_std": 0.03485188348698829
    }
}