{
    "lstm": {
        "acc_mean": 0.5449969951923077,
        "acc_std": 0.05151596883659705
    },
    "csnn": {
        "acc_mean": 0.9091045673076923,
        "acc_std": 0.03170855262360039
    },
    "ersnn": {
        "acc_mean": 0.9524489182692308,
        "acc_std": 0.02214287927397771
    }
}