{
    "lstm": {
        "acc_mean": 0.6702223557692308,
        "acc_std": 0.05088848309002057
    },
    "csnn": {
        "acc_mean": 0.4686748798076923,
        "acc_std": 0.03696333316814381
    },
    "ersnn": {
        "acc_mean": 0.7044771634615384,
        "acc_std": 0.0277041802672157
    }
}