{
    "lstm": {
        "acc_mean": 0.6678936298076923,
        "acc_std": 0.02176347487748568
    },
    "csnn": {
        "acc_mean": 0.9288611778846154,
        "acc_std": 0.010563672709153567
    },
    "ersnn": {
        "acc_mean": 0.9352463942307692,
        "acc_std": 0.017877343200409644
    }
}