{
    "lstm": {
        "acc_mean": 0.5132211538461539,
        "acc_std": 0.021242949089102927
    },
    "csnn": {
        "acc_mean": 0.8927283653846154,
        "acc_std": 0.04355727607682348
    },
    "ersnn": {
        "acc_mean": 0.8277493990384616,
        "acc_std": 0.02390463329383446
    }
}