{
    "lstm": {
        "acc_mean": 0.8210637019230769,
        "acc_std": 0.046071404406448545
    },
    "csnn": {
        "acc_mean": 0.9044471153846154,
        "acc_std": 0.01178788776798861
    },
    "beta-snn": {
        "acc_mean": 0.9780649038461539,
        "acc_std": 0.014873039267745889
    }
}