{
    "lstm": {
        "acc_mean": 0.7823016826923077,
        "acc_std": 0.033138479097017164
    },
    "csnn": {
        "acc_mean": 0.8698918269230769,
        "acc_std": 0.022793006332347213
    },
    "beta-snn": {
        "acc_mean": 0.8600510817307692,
        "acc_std": 0.02668607165640169
    }
}