{
    "lstm": {
        "acc_mean": 0.46439302884615385,
        "acc_std": 0.03905065232681851
    },
    "csnn": {
        "acc_mean": 0.8421724759615384,
        "acc_std": 0.037260751257306296
    },
    "ersnn": {
        "acc_mean": 0.9011418269230769,
        "acc_std": 0.025306475399818364
    }
}