{
    "lstm": {
        "acc_mean": 0.8216646634615384,
        "acc_std": 0.03573416304273716
    },
    "csnn": {
        "acc_mean": 0.8988882211538461,
        "acc_std": 0.014422294399845837
    },
    "beta-snn": {
        "acc_mean": 0.8795823317307692,
        "acc_std": 0.034263949390612176
    }
}