{
    "lstm": {
        "acc_mean": 0.7939453125,
        "acc_std": 0.033588639691249686
    },
    "csnn": {
        "acc_mean": 0.8908503605769231,
        "acc_std": 0.01983841647758194
    },
    "beta-snn": {
        "acc_mean": 0.8514122596153846,
        "acc_std": 0.029354602888491475
    }
}