{
    "lstm": {
        "acc_mean": 0.8106219951923077,
        "acc_std": 0.022440577986441137
    },
    "csnn": {
        "acc_mean": 0.8933293269230769,
        "acc_std": 0.02993820055062911
    },
    "ersnn": {
        "acc_mean": 0.9391526442307692,
        "acc_std": 0.016618379545772454
    }
}