{
    "lstm": {
        "acc_mean": 0.5706129807692308,
        "acc_std": 0.032906417174791834
    },
    "csnn": {
        "acc_mean": 0.9091045673076923,
        "acc_std": 0.013470623597615491
    },
    "ersnn": {
        "acc_mean": 0.8408954326923077,
        "acc_std": 0.0246719231892983
    }
}