{
    "lstm": {
        "acc_mean": 0.4015174278846154,
        "acc_std": 0.03181896623550205
    },
    "csnn": {
        "acc_mean": 0.3273737980769231,
        "acc_std": 0.04245161638465638
    },
    "beta-snn": {
        "acc_mean": 0.431640625,
        "acc_std": 0.042026239826855494
    }
}