{
    "lstm": {
        "acc_mean": 0.41353665865384615,
        "acc_std": 0.02507428300902305
    },
    "csnn": {
        "acc_mean": 0.3155048076923077,
        "acc_std": 0.033861129755395944
    },
    "beta-snn": {
        "acc_mean": 0.2872596153846154,
        "acc_std": 0.037048194370084754
    }
}