{
    "lstm": {
        "acc_mean": 0.5029296875,
        "acc_std": 0.03621190667527179
    },
    "csnn": {
        "acc_mean": 0.8777794471153846,
        "acc_std": 0.035786158970956605
    },
    "ersnn": {
        "acc_mean": 0.9408052884615384,
        "acc_std": 0.01264163699997754
    }
}