{
    "lstm": {
        "acc_mean": 0.3855168269230769,
        "acc_std": 0.0451351722372117
    },
    "csnn": {
        "acc_mean": 0.3195612980769231,
        "acc_std": 0.032054059813024456
    },
    "ersnn": {
        "acc_mean": 0.5511568509615384,
        "acc_std": 0.037519734924945564
    }
}