{
    "lstm": {
        "acc_mean": 0.3541917067307692,
        "acc_std": 0.041328874228920544
    },
    "csnn": {
        "acc_mean": 0.23482572115384615,
        "acc_std": 0.048562517238746154
    },
    "beta-snn": {
        "acc_mean": 0.3672626201923077,
        "acc_std": 0.03801222764086992
    }
}