{
    "lstm": {
        "acc_mean": 0.35013521634615385,
        "acc_std": 0.01563059689653798
    },
    "csnn": {
        "acc_mean": 0.24196213942307693,
        "acc_std": 0.03076362191944274
    },
    "beta-snn": {
        "acc_mean": 0.3272235576923077,
        "acc_std": 0.05670892924211956
    }
}