{
    "lstm": {
        "acc_mean": 0.4278094951923077,
        "acc_std": 0.05593983385853371
    },
    "csnn": {
        "acc_mean": 0.7403094951923077,
        "acc_std": 0.05544455447466769
    },
    "ersnn": {
        "acc_mean": 0.8079927884615384,
        "acc_std": 0.033112926235470935
    }
}