{
    "lstm": {
        "acc_mean": 0.5603966346153846,
        "acc_std": 0.029339604564264765
    },
    "csnn": {
        "acc_mean": 0.8167067307692308,
        "acc_std": 0.024741813521921754
    },
    "ersnn": {
        "acc_mean": 0.853515625,
        "acc_std": 0.02994083929053885
    }
}