{
    "lstm": {
        "acc_mean": 0.7996544471153846,
        "acc_std": 0.0260257589596043
    },
    "csnn": {
        "acc_mean": 0.9329927884615384,
        "acc_std": 0.01287166465781484
    },
    "ersnn": {
        "acc_mean": 0.9363731971153846,
        "acc_std": 0.025351812869725834
    }
}