{
    "ersnn": {
        "acc_mean": 0.9525240384615384,
        "acc_std": 0.018068865839390512
    }
}