{
    "lstm": {
        "acc_mean": 0.5400390625,
        "acc_std": 0.0553031059951866
    },
    "csnn": {
        "acc_mean": 0.8742487980769231,
        "acc_std": 0.02492677698446968
    },
    "ersnn": {
        "acc_mean": 0.8873948317307692,
        "acc_std": 0.012504973917372372
    }
}