{
    "lstm": {
        "acc_mean": 0.12041766826923077,
        "acc_std": 0.026186580109713305
    },
    "csnn": {
        "acc_mean": 0.4774639423076923,
        "acc_std": 0.06077516045840153
    },
    "beta-snn": {
        "acc_mean": 0.9576322115384616,
        "acc_std": 0.02090016017100866
    }
}