{
    "ersnn": {
        "acc_mean": 0.9461388221153846,
        "acc_std": 0.022881837465413828
    }
}