{
    "lstm": {
        "acc_mean": 0.8650090144230769,
        "acc_std": 0.020190289854177104
    },
    "csnn": {
        "acc_mean": 0.8648587740384616,
        "acc_std": 0.03405978016405503
    },
    "beta-snn": {
        "acc_mean": 0.9384014423076923,
        "acc_std": 0.030428778210896252
    }
}