{
    "csnn": {
        "acc_mean": 0.9119591346153846,
        "acc_std": 0.03359208360735576
    },
    "ersnn": {
        "acc_mean": 0.8784555288461539,
        "acc_std": 0.01713728523152913
    }
}