{
    "lstm": {
        "acc_mean": 0.7540000000000002,
        "acc_std": 0.1438193311067744
    },
    "csnn": {
        "acc_mean": 0.862,
        "acc_std": 0.09977975746613138
    },
    "beta-snn": {
        "acc_mean": 0.9780000000000001,
        "acc_std": 0.04377213725647856
    }
}