{
    "lstm": {
        "acc_mean": 0.8088942307692308,
        "acc_std": 0.032781336462197226
    },
    "csnn": {
        "acc_mean": 0.8228665865384616,
        "acc_std": 0.03224643083185748
    },
    "beta-snn": {
        "acc_mean": 0.9015925480769231,
        "acc_std": 0.017648609507954355
    }
}