{
    "lstm": {
        "acc_mean": 0.7753155048076923,
        "acc_std": 0.03259272880036294
    },
    "csnn": {
        "acc_mean": 0.9344200721153846,
        "acc_std": 0.015419780449894307
    },
    "ersnn": {
        "acc_mean": 0.9200721153846154,
        "acc_std": 0.01905626201407203
    }
}