{
    "lstm": {
        "acc_mean": 0.638671875,
        "acc_std": 0.027273906335486212
    },
    "csnn": {
        "acc_mean": 0.9196965144230769,
        "acc_std": 0.032759208752984985
    },
    "ersnn": {
        "acc_mean": 0.9157151442307692,
        "acc_std": 0.01998535974737898
    }
}