{
    "lstm": {
        "acc_mean": 0.7626201923076923,
        "acc_std": 0.03919517962591719
    },
    "csnn": {
        "acc_mean": 0.9251802884615384,
        "acc_std": 0.005849736278224698
    },
    "ersnn": {
        "acc_mean": 0.9302884615384616,
        "acc_std": 0.018644341415250686
    }
}