{
    "lstm": {
        "acc_mean": 0.1532451923076923,
        "acc_std": 0.015045057412403902
    },
    "csnn": {
        "acc_mean": 0.5042818509615384,
        "acc_std": 0.04696682395167264
    },
    "ersnn": {
        "acc_mean": 0.5389873798076923,
        "acc_std": 0.04470951653161267
    }
}