{
    "lstm": {
        "acc_mean": 0.87109375,
        "acc_std": 0.016105881350068987
    },
    "csnn": {
        "acc_mean": 0.9237530048076923,
        "acc_std": 0.015052369621788162
    },
    "ersnn": {
        "acc_mean": 0.9658954326923077,
        "acc_std": 0.014559370804867747
    }
}