{
    "ersnn": {
        "acc_mean": 0.6382962740384616,
        "acc_std": 0.05977712608271137
    }
}