{
    "csnn": {
        "acc_mean": 0.8455528846153846,
        "acc_std": 0.026810227197949954
    },
    "ersnn": {
        "acc_mean": 0.8535907451923077,
        "acc_std": 0.030653364931954925
    }
}