{
    "lstm": {
        "acc_mean": 0.5603966346153846,
        "acc_std": 0.030109612471350834
    },
    "csnn": {
        "acc_mean": 0.8233173076923077,
        "acc_std": 0.019162570629209764
    },
    "ersnn": {
        "acc_mean": 0.7064302884615384,
        "acc_std": 0.033987549692734896
    }
}