{
    "lstm": {
        "acc_mean": 0.9021183894230769,
        "acc_std": 0.017054599978226438
    },
    "csnn": {
        "acc_mean": 0.9403545673076923,
        "acc_std": 0.016200205475251424
    },
    "beta-snn": {
        "acc_mean": 0.9001652644230769,
        "acc_std": 0.026132219270913262
    }
}