{
    "lstm": {
        "acc_mean": 0.8940054086538461,
        "acc_std": 0.027582002854351376
    },
    "csnn": {
        "acc_mean": 0.9154897836538461,
        "acc_std": 0.03246852526154168
    },
    "beta-snn": {
        "acc_mean": 0.9556039663461539,
        "acc_std": 0.016274404349351686
    }
}