{
    "lstm": {
        "acc_mean": 0.9094050480769231,
        "acc_std": 0.025067643065560308
    },
    "csnn": {
        "acc_mean": 0.9105318509615384,
        "acc_std": 0.027628610337813893
    },
    "ersnn": {
        "acc_mean": 0.9588341346153846,
        "acc_std": 0.017847647121295072
    }
}