{
    "lstm": {
        "acc_mean": 0.8161057692307692,
        "acc_std": 0.034813002194730075
    },
    "csnn": {
        "acc_mean": 0.8861929086538461,
        "acc_std": 0.02254794858570938
    },
    "beta-snn": {
        "acc_mean": 0.8605769230769231,
        "acc_std": 0.02071574657829709
    }
}