{
    "lstm": {
        "acc_mean": 0.7288161057692308,
        "acc_std": 0.03392073889686189
    },
    "csnn": {
        "acc_mean": 0.3645582932692308,
        "acc_std": 0.04299914191709941
    },
    "ersnn": {
        "acc_mean": 0.4451622596153846,
        "acc_std": 0.04519389597697426
    }
}