{
    "ersnn": {
        "acc_mean": 0.8754507211538461,
        "acc_std": 0.03383278696164954
    }
}