{
    "lstm": {
        "acc_mean": 0.69140625,
        "acc_std": 0.03886669676197734
    },
    "csnn": {
        "acc_mean": 0.38829627403846156,
        "acc_std": 0.04062877528099232
    },
    "ersnn": {
        "acc_mean": 0.7364032451923077,
        "acc_std": 0.0430578955871835
    }
}