{
    "lstm": {
        "acc_mean": 0.4073768028846154,
        "acc_std": 0.036796857701372525
    },
    "csnn": {
        "acc_mean": 0.2754657451923077,
        "acc_std": 0.043559284126058376
    },
    "beta-snn": {
        "acc_mean": 0.10772235576923077,
        "acc_std": 0.03203433640329488
    }
}