{
    "lstm": {
        "acc_mean": 0.3933293269230769,
        "acc_std": 0.04054598027267548
    },
    "csnn": {
        "acc_mean": 0.2735877403846154,
        "acc_std": 0.03915455822111944
    },
    "beta-snn": {
        "acc_mean": 0.18103966346153846,
        "acc_std": 0.03973140987431102
    }
}