{
    "lstm": {
        "acc_mean": 0.7354266826923077,
        "acc_std": 0.032960905127368184
    },
    "csnn": {
        "acc_mean": 0.9335186298076923,
        "acc_std": 0.022505864188641277
    },
    "ersnn": {
        "acc_mean": 0.9376502403846154,
        "acc_std": 0.02461330038196736
    }
}