{
    "lstm": {
        "acc_mean": 0.5129206730769231,
        "acc_std": 0.02464858237357672
    },
    "csnn": {
        "acc_mean": 0.8713942307692308,
        "acc_std": 0.0292224306884957
    },
    "ersnn": {
        "acc_mean": 0.8616286057692308,
        "acc_std": 0.02033469056292346
    }
}