{
    "lstm": {
        "acc_mean": 0.759765625,
        "acc_std": 0.03399784215923674
    },
    "csnn": {
        "acc_mean": 0.8829627403846154,
        "acc_std": 0.035108384472377296
    },
    "ersnn": {
        "acc_mean": 0.9577824519230769,
        "acc_std": 0.02788285065184173
    }
}