{
    "lstm": {
        "acc_mean": 0.5789513221153846,
        "acc_std": 0.04512810774883799
    },
    "csnn": {
        "acc_mean": 0.2189002403846154,
        "acc_std": 0.029514110773992384
    },
    "beta-snn": {
        "acc_mean": 0.17352764423076922,
        "acc_std": 0.04105907813750068
    }
}