{
    "ersnn": {
        "acc_mean": 0.9298377403846154,
        "acc_std": 0.01400623993136881
    }
}