{
    "ersnn": {
        "acc_mean": 0.8786057692307692,
        "acc_std": 0.026769784343199987
    }
}