{
    "lstm": {
        "acc_mean": 0.7962740384615384,
        "acc_std": 0.028687652984438223
    },
    "csnn": {
        "acc_mean": 0.8801081730769231,
        "acc_std": 0.02650710482901556
    },
    "ersnn": {
        "acc_mean": 0.9351712740384616,
        "acc_std": 0.019269317725155378
    }
}