{
    "lstm": {
        "acc_mean": 0.8762770432692308,
        "acc_std": 0.02476996503927205
    },
    "csnn": {
        "acc_mean": 0.9027944711538461,
        "acc_std": 0.010626786078885824
    },
    "beta-snn": {
        "acc_mean": 0.7901893028846154,
        "acc_std": 0.007393521513659304
    }
}