{
    "lstm": {
        "acc_mean": 0.8913762019230769,
        "acc_std": 0.03080294302781527
    },
    "csnn": {
        "acc_mean": 0.9202974759615384,
        "acc_std": 0.03813258124659388
    },
    "beta-snn": {
        "acc_mean": 0.9665715144230769,
        "acc_std": 0.019145925133756736
    }
}