{
    "lstm": {
        "acc_mean": 0.6395733173076923,
        "acc_std": 0.033648144584848445
    },
    "csnn": {
        "acc_mean": 0.8547175480769231,
        "acc_std": 0.038232857103227255
    },
    "beta-snn": {
        "acc_mean": 0.9578575721153846,
        "acc_std": 0.011078891399945622
    }
}