{
    "lstm": {
        "acc_mean": 0.20440204326923078,
        "acc_std": 0.03581327101490653
    },
    "csnn": {
        "acc_mean": 0.1211688701923077,
        "acc_std": 0.015456333257969428
    },
    "ersnn": {
        "acc_mean": 0.18817608173076922,
        "acc_std": 0.020576763138742526
    }
}