{
    "lstm": {
        "acc_mean": 0.4187950721153846,
        "acc_std": 0.03988868064584503
    },
    "csnn": {
        "acc_mean": 0.27681790865384615,
        "acc_std": 0.034586547185879966
    },
    "beta-snn": {
        "acc_mean": 0.3586237980769231,
        "acc_std": 0.04491031656033871
    }
}