{
    "lstm": {
        "acc_mean": 0.4032451923076923,
        "acc_std": 0.020608687739762314
    },
    "csnn": {
        "acc_mean": 0.28515625,
        "acc_std": 0.03149319432929121
    },
    "beta-snn": {
        "acc_mean": 0.35975060096153844,
        "acc_std": 0.033231240679447875
    }
}