{
    "csnn": {
        "acc_mean": 0.2763671875,
        "acc_std": 0.03621190667527179
    },
    "ersnn": {
        "acc_mean": 0.4914362980769231,
        "acc_std": 0.08812479078612279
    }
}