{
    "lstm": {
        "acc_mean": 0.11065204326923077,
        "acc_std": 0.012852140685902133
    },
    "csnn": {
        "acc_mean": 0.19170673076923078,
        "acc_std": 0.024431507266049923
    },
    "beta-snn": {
        "acc_mean": 0.21995192307692307,
        "acc_std": 0.021247198953922707
    }
}