{
    "csnn": {
        "acc_mean": 0.11283052884615385,
        "acc_std": 0.03205124292615801
    },
    "ersnn": {
        "acc_mean": 0.17833533653846154,
        "acc_std": 0.03237357830743186
    }
}