{
    "lstm": {
        "acc_mean": 0.7436899038461539,
        "acc_std": 0.025441690938400766
    },
    "csnn": {
        "acc_mean": 0.9293870192307692,
        "acc_std": 0.023425940196584102
    },
    "ersnn": {
        "acc_mean": 0.9381760817307692,
        "acc_std": 0.022353906293541028
    }
}