{
    "csnn": {
        "acc_mean": 0.8062650240384616,
        "acc_std": 0.03646472177349593
    },
    "ersnn": {
        "acc_mean": 0.9076021634615384,
        "acc_std": 0.0309082850551048
    }
}