{
    "lstm": {
        "acc_mean": 0.48279747596153844,
        "acc_std": 0.03273301503010035
    },
    "csnn": {
        "acc_mean": 0.8170072115384616,
        "acc_std": 0.01947569762391683
    },
    "ersnn": {
        "acc_mean": 0.8330078125,
        "acc_std": 0.02704566879712154
    }
}