{
    "lstm": {
        "acc_mean": 0.7071063701923077,
        "acc_std": 0.05483254346752438
    },
    "csnn": {
        "acc_mean": 0.9184194711538461,
        "acc_std": 0.016330652956823528
    },
    "ersnn": {
        "acc_mean": 0.9156400240384616,
        "acc_std": 0.020806937264897758
    }
}