{
    "csnn": {
        "acc_mean": 0.8648587740384616,
        "acc_std": 0.023118353601873486
    },
    "ersnn": {
        "acc_mean": 0.9006159855769231,
        "acc_std": 0.03455520680905905
    }
}