{
    "lstm": {
        "acc_mean": 0.48084435096153844,
        "acc_std": 0.04306890297732124
    },
    "csnn": {
        "acc_mean": 0.8363131009615384,
        "acc_std": 0.02936872891537879
    },
    "ersnn": {
        "acc_mean": 0.8053635817307692,
        "acc_std": 0.042511856862952745
    }
}