{
    "lstm": {
        "acc_mean": 0.4561298076923077,
        "acc_std": 0.05122822602203443
    },
    "csnn": {
        "acc_mean": 0.7360276442307692,
        "acc_std": 0.03291979049196761
    },
    "ersnn": {
        "acc_mean": 0.7308443509615384,
        "acc_std": 0.035708492257373596
    }
}