{
    "lstm": {
        "acc_mean": 0.7665264423076923,
        "acc_std": 0.030563488257094738
    },
    "csnn": {
        "acc_mean": 0.7955228365384616,
        "acc_std": 0.027704180267215703
    },
    "beta-snn": {
        "acc_mean": 0.3369140625,
        "acc_std": 0.03415177431649553
    }
}