{
    "lstm": {
        "acc_mean": 0.8269230769230769,
        "acc_std": 0.0
    },
    "csnn": {
        "acc_mean": 0.9230769230769231,
        "acc_std": 0.0
    },
    "beta-snn": {
        "acc_mean": 0.9807692307692307,
        "acc_std": 0.0
    }
}