{
    "lstm": {
        "acc_mean": 0.7475961538461539,
        "acc_std": 0.03283362591261475
    },
    "csnn": {
        "acc_mean": 0.8952073317307692,
        "acc_std": 0.02262789281243161
    },
    "ersnn": {
        "acc_mean": 0.9578575721153846,
        "acc_std": 0.02105175538914247
    }
}