{
    "lstm": {
        "acc_mean": 0.49759615384615385,
        "acc_std": 0.037396277366631384
    },
    "csnn": {
        "acc_mean": 0.7293419471153846,
        "acc_std": 0.04124139606773432
    },
    "ersnn": {
        "acc_mean": 0.6402493990384616,
        "acc_std": 0.04964569558045799
    }
}