{
    "lstm": {
        "acc_mean": 0.46484375,
        "acc_std": 0.0427908248050911
    },
    "csnn": {
        "acc_mean": 0.7428635817307692,
        "acc_std": 0.04133597369764424
    },
    "ersnn": {
        "acc_mean": 0.8820612980769231,
        "acc_std": 0.019721590095161303
    }
}