{
    "lstm": {
        "acc_mean": 0.8013822115384616,
        "acc_std": 0.015668278635196743
    },
    "csnn": {
        "acc_mean": 0.5096905048076923,
        "acc_std": 0.05544455447466768
    },
    "ersnn": {
        "acc_mean": 0.6108022836538461,
        "acc_std": 0.042847691114706446
    }
}