{
    "lstm": {
        "acc_mean": 0.6920823317307692,
        "acc_std": 0.036309638492193486
    },
    "csnn": {
        "acc_mean": 0.6171875,
        "acc_std": 0.02649347649658308
    },
    "beta-snn": {
        "acc_mean": 0.4465895432692308,
        "acc_std": 0.05954482491414661
    }
}