{
    "lstm": {
        "acc_mean": 0.7336989182692308,
        "acc_std": 0.02436385369692218
    },
    "csnn": {
        "acc_mean": 0.6457331730769231,
        "acc_std": 0.02938419248635351
    },
    "ersnn": {
        "acc_mean": 0.2247596153846154,
        "acc_std": 0.024927229749947283
    }
}