{
    "lstm": {
        "acc_mean": 0.7781700721153846,
        "acc_std": 0.03631523298219121
    },
    "csnn": {
        "acc_mean": 0.7702073317307692,
        "acc_std": 0.029634987272325497
    },
    "ersnn": {
        "acc_mean": 0.3405949519230769,
        "acc_std": 0.029017404703683157
    }
}