{
    "lstm": {
        "acc_mean": 0.3564453125,
        "acc_std": 0.0376578505559743
    },
    "csnn": {
        "acc_mean": 0.240234375,
        "acc_std": 0.04073565159104338
    },
    "beta-snn": {
        "acc_mean": 0.11072716346153846,
        "acc_std": 0.04055015534951414
    }
}