{
    "lstm": {
        "acc_mean": 0.34532752403846156,
        "acc_std": 0.021771770564509914
    },
    "csnn": {
        "acc_mean": 0.24000901442307693,
        "acc_std": 0.03616512628324678
    },
    "beta-snn": {
        "acc_mean": 0.1650390625,
        "acc_std": 0.02934566250257172
    }
}