{
    "lstm": {
        "acc_mean": 0.6981670673076923,
        "acc_std": 0.040834164668757146
    },
    "csnn": {
        "acc_mean": 0.43997896634615385,
        "acc_std": 0.05347919343591492
    },
    "ersnn": {
        "acc_mean": 0.6331129807692308,
        "acc_std": 0.03993230022647817
    }
}