{
    "lstm": {
        "acc_mean": 0.7224308894230769,
        "acc_std": 0.02574760344073522
    },
    "csnn": {
        "acc_mean": 0.3789813701923077,
        "acc_std": 0.03979973845757064
    },
    "ersnn": {
        "acc_mean": 0.6561748798076923,
        "acc_std": 0.039821850921299966
    }
}