{
    "lstm": {
        "acc_mean": 0.373046875,
        "acc_std": 0.023680382134730744
    },
    "csnn": {
        "acc_mean": 0.6364182692307692,
        "acc_std": 0.04157398758750074
    },
    "ersnn": {
        "acc_mean": 0.7182241586538461,
        "acc_std": 0.02984068679653164
    }
}