{
    "lstm": {
        "acc_mean": 0.5845102163461539,
        "acc_std": 0.031271571552240064
    },
    "csnn": {
        "acc_mean": 0.9202974759615384,
        "acc_std": 0.0282482888480096
    },
    "ersnn": {
        "acc_mean": 0.9183443509615384,
        "acc_std": 0.01686561244773572
    }
}