{
    "ersnn": {
        "acc_mean": 0.3699669471153846,
        "acc_std": 0.03782710084727565
    }
}