{
    "csnn": {
        "acc_mean": 0.9278846153846154,
        "acc_std": 0.011485285368759849
    },
    "ersnn": {
        "acc_mean": 0.9178936298076923,
        "acc_std": 0.031503137413088717
    }
}