{
    "ersnn": {
        "acc_mean": 0.9338942307692308,
        "acc_std": 0.018906425741273283
    }
}