{
    "lstm": {
        "acc_mean": 0.7149939903846154,
        "acc_std": 0.052721960515489184
    },
    "csnn": {
        "acc_mean": 0.3547175480769231,
        "acc_std": 0.0380327828749527
    },
    "ersnn": {
        "acc_mean": 0.15625,
        "acc_std": 0.025315393353155705
    }
}