{
    "lstm": {
        "acc_mean": 0.7420372596153846,
        "acc_std": 0.026139668207731007
    },
    "csnn": {
        "acc_mean": 0.7884615384615384,
        "acc_std": 0.01845451025575011
    },
    "beta-snn": {
        "acc_mean": 0.24549278846153846,
        "acc_std": 0.030492506574452804
    }
}