{
    "lstm": {
        "acc_mean": 0.7221304086538461,
        "acc_std": 0.03593470800814339
    },
    "csnn": {
        "acc_mean": 0.7676532451923077,
        "acc_std": 0.02739807562361936
    },
    "beta-snn": {
        "acc_mean": 0.8781550480769231,
        "acc_std": 0.02347166441786832
    }
}