{
    "ersnn": {
        "acc_mean": 0.7757662259615384,
        "acc_std": 0.024474776577645803
    }
}