{
    "lstm": {
        "acc_mean": 0.7583383413461539,
        "acc_std": 0.02896241454501263
    },
    "csnn": {
        "acc_mean": 0.8191105769230769,
        "acc_std": 0.03472990995494979
    },
    "beta-snn": {
        "acc_mean": 0.6860727163461539,
        "acc_std": 0.05124314984558298
    }
}