{
    "lstm": {
        "acc_mean": 0.740234375,
        "acc_std": 0.02670858267808075
    },
    "csnn": {
        "acc_mean": 0.7940204326923077,
        "acc_std": 0.035448772228562186
    },
    "beta-snn": {
        "acc_mean": 0.5618990384615384,
        "acc_std": 0.04912653819749536
    }
}