{
    "lstm": {
        "acc_mean": 0.8335336538461539,
        "acc_std": 0.025717011371129337
    },
    "csnn": {
        "acc_mean": 0.8978365384615384,
        "acc_std": 0.019171991755948647
    },
    "beta-snn": {
        "acc_mean": 0.9719801682692308,
        "acc_std": 0.011629566569207333
    }
}