{
    "lstm": {
        "acc_mean": 0.6986177884615384,
        "acc_std": 0.04556917426166687
    },
    "csnn": {
        "acc_mean": 0.9332181490384616,
        "acc_std": 0.016795873815541797
    },
    "ersnn": {
        "acc_mean": 0.9375751201923077,
        "acc_std": 0.026271777026496888
    }
}