{
    "lstm": {
        "acc_mean": 0.7356520432692308,
        "acc_std": 0.027848322798872845
    },
    "csnn": {
        "acc_mean": 0.8043118990384616,
        "acc_std": 0.029824797689432588
    },
    "ersnn": {
        "acc_mean": 0.8162560096153846,
        "acc_std": 0.021316669957401002
    }
}