{
    "lstm": {
        "acc_mean": 0.7536057692307692,
        "acc_std": 0.031965561703674705
    },
    "csnn": {
        "acc_mean": 0.44381009615384615,
        "acc_std": 0.05408820777338472
    },
    "ersnn": {
        "acc_mean": 0.8124248798076923,
        "acc_std": 0.026271777026496888
    }
}