{
    "lstm": {
        "acc_mean": 0.07692307692307693,
        "acc_std": 0.0
    },
    "csnn": {
        "acc_mean": 0.1346153846153846,
        "acc_std": 0.0
    },
    "beta-snn": {
        "acc_mean": 0.11538461538461539,
        "acc_std": 0.0
    }
}