{
    "csnn": {
        "acc_mean": 0.7200270432692308,
        "acc_std": 0.037759611324451985
    },
    "ersnn": {
        "acc_mean": 0.4990234375,
        "acc_std": 0.03895248178745924
    }
}