{
    "lstm": {
        "acc_mean": 0.5147986778846154,
        "acc_std": 0.03316460780944339
    },
    "csnn": {
        "acc_mean": 0.9027193509615384,
        "acc_std": 0.02291436774652085
    },
    "ersnn": {
        "acc_mean": 0.9263822115384616,
        "acc_std": 0.02142703904568157
    }
}