{
    "lstm": {
        "acc_mean": 0.7753155048076923,
        "acc_std": 0.036772312448926946
    },
    "csnn": {
        "acc_mean": 0.8556189903846154,
        "acc_std": 0.04212923626748315
    },
    "ersnn": {
        "acc_mean": 0.9181189903846154,
        "acc_std": 0.018358243859149314
    }
}