{
    "lstm": {
        "acc_mean": 0.7961237980769231,
        "acc_std": 0.04768635487854694
    },
    "csnn": {
        "acc_mean": 0.6283804086538461,
        "acc_std": 0.015517548141624687
    },
    "ersnn": {
        "acc_mean": 0.5639272836538461,
        "acc_std": 0.04035059295735729
    }
}