{
    "lstm": {
        "acc_mean": 0.8088942307692308,
        "acc_std": 0.029858173947811695
    },
    "csnn": {
        "acc_mean": 0.9348707932692308,
        "acc_std": 0.01845680347267562
    },
    "ersnn": {
        "acc_mean": 0.9444110576923077,
        "acc_std": 0.017730911648956647
    }
}