{
    "lstm": {
        "acc_mean": 0.6664663461538461,
        "acc_std": 0.038540099678617795
    },
    "csnn": {
        "acc_mean": 0.9061748798076923,
        "acc_std": 0.01829095699172787
    },
    "ersnn": {
        "acc_mean": 0.8511117788461539,
        "acc_std": 0.027240781797579244
    }
}