{
    "lstm": {
        "acc_mean": 0.8179837740384616,
        "acc_std": 0.024306345210500607
    },
    "csnn": {
        "acc_mean": 0.8973106971153846,
        "acc_std": 0.035662950331660996
    },
    "beta-snn": {
        "acc_mean": 0.9514723557692308,
        "acc_std": 0.01633341711611158
    }
}