{
    "lstm": {
        "acc_mean": 0.8179837740384616,
        "acc_std": 0.021650129445156343
    },
    "csnn": {
        "acc_mean": 0.8862680288461539,
        "acc_std": 0.016895865591118223
    },
    "beta-snn": {
        "acc_mean": 0.5356069711538461,
        "acc_std": 0.013497407515891905
    }
}