{
    "ersnn": {
        "acc_mean": 0.9019681490384616,
        "acc_std": 0.034042545025584514
    }
}