{
    "lstm": {
        "acc_mean": 0.49271334134615385,
        "acc_std": 0.04951321121562332
    },
    "csnn": {
        "acc_mean": 0.8388671875,
        "acc_std": 0.016544017916110758
    },
    "ersnn": {
        "acc_mean": 0.8293269230769231,
        "acc_std": 0.03198532752261449
    }
}