{
    "lstm": {
        "acc_mean": 0.6999699519230769,
        "acc_std": 0.04715418393309324
    },
    "csnn": {
        "acc_mean": 0.744140625,
        "acc_std": 0.03553399491925831
    },
    "beta-snn": {
        "acc_mean": 0.4596604567307692,
        "acc_std": 0.047468769899409714
    }
}