{
    "lstm": {
        "acc_mean": 0.6708233173076923,
        "acc_std": 0.02294648303165644
    },
    "csnn": {
        "acc_mean": 0.7016977163461539,
        "acc_std": 0.039764559997792305
    },
    "beta-snn": {
        "acc_mean": 0.5727163461538461,
        "acc_std": 0.051748162635231895
    }
}