{
    "lstm": {
        "acc_mean": 0.8461538461538461,
        "acc_std": 0.0
    },
    "csnn": {
        "acc_mean": 0.8653846153846154,
        "acc_std": 0.0
    },
    "beta-snn": {
        "acc_mean": 0.9615384615384616,
        "acc_std": 0.0
    }
}