{
    "ersnn": {
        "acc_mean": 0.9441856971153846,
        "acc_std": 0.016698831824149017
    }
}