{
    "lstm": {
        "acc_mean": 0.7836538461538461,
        "acc_std": 0.020223940709692113
    },
    "csnn": {
        "acc_mean": 0.9308894230769231,
        "acc_std": 0.02818118771080134
    },
    "ersnn": {
        "acc_mean": 0.9483924278846154,
        "acc_std": 0.02189892116322919
    }
}