{
    "lstm": {
        "acc_mean": 0.8729717548076923,
        "acc_std": 0.024503350041620447
    },
    "csnn": {
        "acc_mean": 0.8337590144230769,
        "acc_std": 0.02995167453416411
    },
    "ersnn": {
        "acc_mean": 0.9363731971153846,
        "acc_std": 0.019578432054664044
    }
}