{
    "lstm": {
        "acc_mean": 0.9116586538461539,
        "acc_std": 0.031483158485351465
    },
    "csnn": {
        "acc_mean": 0.9130859375,
        "acc_std": 0.03324618072372891
    },
    "ersnn": {
        "acc_mean": 0.9437349759615384,
        "acc_std": 0.018380822749702146
    }
}