{
    "lstm": {
        "acc_mean": 0.6863731971153846,
        "acc_std": 0.04117731002741797
    },
    "csnn": {
        "acc_mean": 0.9202974759615384,
        "acc_std": 0.012533821532780154
    },
    "ersnn": {
        "acc_mean": 0.8979116586538461,
        "acc_std": 0.01663110841087491
    }
}