{
    "lstm": {
        "acc_mean": 0.21266526442307693,
        "acc_std": 0.06378084782980291
    },
    "csnn": {
        "acc_mean": 0.099609375,
        "acc_std": 0.031188905122404905
    },
    "ersnn": {
        "acc_mean": 0.42427884615384615,
        "acc_std": 0.027588651276774113
    }
}