{
    "csnn": {
        "acc_mean": 0.6960637019230769,
        "acc_std": 0.03869061840317399
    },
    "ersnn": {
        "acc_mean": 0.8897986778846154,
        "acc_std": 0.023787256966003735
    }
}