{
    "lstm": {
        "acc_mean": 0.3264723557692308,
        "acc_std": 0.033938035893579445
    },
    "csnn": {
        "acc_mean": 0.751953125,
        "acc_std": 0.02462796916585643
    },
    "beta-snn": {
        "acc_mean": 0.9598106971153846,
        "acc_std": 0.013856163319456181
    }
}