{
    "lstm": {
        "acc_mean": 0.3418719951923077,
        "acc_std": 0.03594915241832991
    },
    "csnn": {
        "acc_mean": 0.6624849759615384,
        "acc_std": 0.04873899733583081
    },
    "ersnn": {
        "acc_mean": 0.7554837740384616,
        "acc_std": 0.03639222506933086
    }
}