{
    "ersnn": {
        "acc_mean": 0.8994891826923077,
        "acc_std": 0.03686098159206767
    }
}