{
    "lstm": {
        "acc_mean": 0.6181640625,
        "acc_std": 0.05114614990302148
    },
    "csnn": {
        "acc_mean": 0.6600811298076923,
        "acc_std": 0.02309784063474641
    },
    "ersnn": {
        "acc_mean": 0.7455679086538461,
        "acc_std": 0.030066006519722337
    }
}