{
    "lstm": {
        "acc_mean": 0.4113581730769231,
        "acc_std": 0.04316790854525185
    },
    "csnn": {
        "acc_mean": 0.3058894230769231,
        "acc_std": 0.04345246990991639
    },
    "beta-snn": {
        "acc_mean": 0.21138822115384615,
        "acc_std": 0.034570635701402626
    }
}