{
    "lstm": {
        "acc_mean": 0.4064002403846154,
        "acc_std": 0.03873260054987809
    },
    "csnn": {
        "acc_mean": 0.2965745192307692,
        "acc_std": 0.030920332578454005
    },
    "beta-snn": {
        "acc_mean": 0.11162860576923077,
        "acc_std": 0.019955972820871158
    }
}