{
    "lstm": {
        "acc_mean": 0.8062650240384616,
        "acc_std": 0.03518697485780027
    },
    "csnn": {
        "acc_mean": 0.9283353365384616,
        "acc_std": 0.027255692821453324
    },
    "ersnn": {
        "acc_mean": 0.9293118990384616,
        "acc_std": 0.011909571493260508
    }
}