{
    "ersnn": {
        "acc_mean": 0.6461087740384616,
        "acc_std": 0.04067208674075864
    }
}