{
    "lstm": {
        "acc_mean": 0.6966646634615384,
        "acc_std": 0.033757981379259366
    },
    "csnn": {
        "acc_mean": 0.55859375,
        "acc_std": 0.03726325005534944
    },
    "beta-snn": {
        "acc_mean": 0.3952824519230769,
        "acc_std": 0.025554560101150155
    }
}