{
    "lstm": {
        "acc_mean": 0.7053786057692308,
        "acc_std": 0.02541461656688472
    },
    "csnn": {
        "acc_mean": 0.7207782451923077,
        "acc_std": 0.02610369936606518
    },
    "beta-snn": {
        "acc_mean": 0.1844200721153846,
        "acc_std": 0.031633986189665425
    }
}