{
    "lstm": {
        "acc_mean": 0.7342998798076923,
        "acc_std": 0.0412408487457447
    },
    "csnn": {
        "acc_mean": 0.5277944711538461,
        "acc_std": 0.04790548421949101
    },
    "ersnn": {
        "acc_mean": 0.7572115384615384,
        "acc_std": 0.043093593850955667
    }
}