{
    "lstm": {
        "acc_mean": 0.7720102163461539,
        "acc_std": 0.031681757423675856
    },
    "csnn": {
        "acc_mean": 0.9337439903846154,
        "acc_std": 0.012825109195841665
    },
    "ersnn": {
        "acc_mean": 0.9308894230769231,
        "acc_std": 0.021412285758797927
    }
}