{
    "lstm": {
        "acc_mean": 0.7358022836538461,
        "acc_std": 0.05858522612740992
    },
    "csnn": {
        "acc_mean": 0.4318659855769231,
        "acc_std": 0.022211073223656893
    },
    "ersnn": {
        "acc_mean": 0.5328275240384616,
        "acc_std": 0.039448830957917534
    }
}