{
    "csnn": {
        "acc_mean": 0.3366135817307692,
        "acc_std": 0.026686071656401685
    },
    "ersnn": {
        "acc_mean": 0.7436147836538461,
        "acc_std": 0.04276543131820896
    }
}