{
    "lstm": {
        "acc_mean": 0.8020582932692308,
        "acc_std": 0.04164010580120687
    },
    "csnn": {
        "acc_mean": 0.5338792067307692,
        "acc_std": 0.04672735614152643
    },
    "ersnn": {
        "acc_mean": 0.8355618990384616,
        "acc_std": 0.027297379684215795
    }
}