{
    "lstm": {
        "acc_mean": 0.16639122596153846,
        "acc_std": 0.027755767458811198
    },
    "csnn": {
        "acc_mean": 0.5070612980769231,
        "acc_std": 0.03348675844093549
    },
    "beta-snn": {
        "acc_mean": 0.7720853365384616,
        "acc_std": 0.03810275063668328
    }
}