{
    "lstm": {
        "acc_mean": 0.8464543269230769,
        "acc_std": 0.01427520855795638
    },
    "csnn": {
        "acc_mean": 0.84765625,
        "acc_std": 0.022777155839239456
    },
    "beta-snn": {
        "acc_mean": 0.9407301682692308,
        "acc_std": 0.023468178077761977
    }
}