{
    "lstm": {
        "acc_mean": 0.8637319711538461,
        "acc_std": 0.0212912412451842
    },
    "csnn": {
        "acc_mean": 0.8638070913461539,
        "acc_std": 0.019655525251790998
    },
    "beta-snn": {
        "acc_mean": 0.9580829326923077,
        "acc_std": 0.01351412050832177
    }
}