{
    "lstm": {
        "acc_mean": 0.8671875,
        "acc_std": 0.03149319432929121
    },
    "csnn": {
        "acc_mean": 0.8264723557692308,
        "acc_std": 0.025460758850658533
    },
    "ersnn": {
        "acc_mean": 0.8864182692307692,
        "acc_std": 0.03297767886466035
    }
}