{
    "lstm": {
        "acc_mean": 0.7106370192307692,
        "acc_std": 0.041005442611113926
    },
    "csnn": {
        "acc_mean": 0.4670222355769231,
        "acc_std": 0.05288498885016186
    },
    "ersnn": {
        "acc_mean": 0.4202223557692308,
        "acc_std": 0.03801616145162225
    }
}