{
    "ersnn": {
        "acc_mean": 0.9058743990384616,
        "acc_std": 0.029268643171164732
    }
}