{
    "lstm": {
        "acc_mean": 0.4775390625,
        "acc_std": 0.031599003295631714
    },
    "csnn": {
        "acc_mean": 0.8162560096153846,
        "acc_std": 0.028911418931544374
    },
    "ersnn": {
        "acc_mean": 0.8771784855769231,
        "acc_std": 0.037046899659048525
    }
}