{
    "lstm": {
        "acc_mean": 0.8515625,
        "acc_std": 0.025315393353155705
    },
    "csnn": {
        "acc_mean": 0.9058743990384616,
        "acc_std": 0.021798709744351105
    },
    "beta-snn": {
        "acc_mean": 0.978515625,
        "acc_std": 0.016457323775735076
    }
}