{
    "lstm": {
        "acc_mean": 0.900390625,
        "acc_std": 0.027273906335486212
    },
    "csnn": {
        "acc_mean": 0.9056490384615384,
        "acc_std": 0.016436050878818925
    },
    "beta-snn": {
        "acc_mean": 0.9661207932692308,
        "acc_std": 0.01413517717795033
    }
}