{
    "lstm": {
        "acc_mean": 0.29725060096153844,
        "acc_std": 0.013782661802068526
    },
    "csnn": {
        "acc_mean": 0.3152794471153846,
        "acc_std": 0.03658091129441904
    },
    "ersnn": {
        "acc_mean": 0.7108623798076923,
        "acc_std": 0.027472944570875416
    }
}