{
    "lstm": {
        "acc_mean": 0.7413611778846154,
        "acc_std": 0.037687209786168734
    },
    "csnn": {
        "acc_mean": 0.9261568509615384,
        "acc_std": 0.012510387912178405
    },
    "ersnn": {
        "acc_mean": 0.9220252403846154,
        "acc_std": 0.012359041056537746
    }
}