{
    "lstm": {
        "acc_mean": 0.5832331730769231,
        "acc_std": 0.03714676419542432
    },
    "csnn": {
        "acc_mean": 0.9290114182692308,
        "acc_std": 0.03768181898939652
    },
    "ersnn": {
        "acc_mean": 0.9382512019230769,
        "acc_std": 0.03218196733468299
    }
}