{
    "lstm": {
        "acc_mean": 0.7638221153846154,
        "acc_std": 0.022580085198021873
    },
    "csnn": {
        "acc_mean": 0.7317457932692308,
        "acc_std": 0.028026879655985368
    },
    "beta-snn": {
        "acc_mean": 0.515625,
        "acc_std": 0.029749113694780893
    }
}