{
    "ersnn": {
        "acc_mean": 0.5653545673076923,
        "acc_std": 0.05513208019670005
    }
}