{
    "lstm": {
        "acc_mean": 0.5167518028846154,
        "acc_std": 0.05033518159822997
    },
    "csnn": {
        "acc_mean": 0.8025090144230769,
        "acc_std": 0.039425936768741496
    },
    "ersnn": {
        "acc_mean": 0.8834885817307692,
        "acc_std": 0.01856776049893465
    }
}