{
    "lstm": {
        "acc_mean": 0.8009314903846154,
        "acc_std": 0.02027243342312111
    },
    "csnn": {
        "acc_mean": 0.5321514423076923,
        "acc_std": 0.02006032659912803
    },
    "ersnn": {
        "acc_mean": 0.6465594951923077,
        "acc_std": 0.0358346939231056
    }
}