{
    "lstm": {
        "acc_mean": 0.5304236778846154,
        "acc_std": 0.03882246133132806
    },
    "csnn": {
        "acc_mean": 0.8840144230769231,
        "acc_std": 0.011342900293375527
    },
    "ersnn": {
        "acc_mean": 0.8991135817307692,
        "acc_std": 0.014724899063211247
    }
}