{
    "lstm": {
        "acc_mean": 0.1963641826923077,
        "acc_std": 0.04199615161642081
    },
    "csnn": {
        "acc_mean": 0.1201923076923077,
        "acc_std": 0.024270216954697922
    },
    "ersnn": {
        "acc_mean": 0.2050030048076923,
        "acc_std": 0.031043368345754004
    }
}