{
    "lstm": {
        "acc_mean": 0.7767427884615384,
        "acc_std": 0.023887748695134367
    },
    "csnn": {
        "acc_mean": 0.9395282451923077,
        "acc_std": 0.024068373629633613
    },
    "ersnn": {
        "acc_mean": 0.9405048076923077,
        "acc_std": 0.01753119248295051
    }
}