{
    "lstm": {
        "acc_mean": 0.32189002403846156,
        "acc_std": 0.013481301692215961
    },
    "csnn": {
        "acc_mean": 0.3213641826923077,
        "acc_std": 0.04598509431355888
    },
    "ersnn": {
        "acc_mean": 0.8031850961538461,
        "acc_std": 0.02696469621805568
    }
}