{
    "lstm": {
        "acc_mean": 0.4841496394230769,
        "acc_std": 0.0194500380276105
    },
    "csnn": {
        "acc_mean": 0.8138521634615384,
        "acc_std": 0.022121079135949965
    },
    "ersnn": {
        "acc_mean": 0.9185697115384616,
        "acc_std": 0.029154377936531663
    }
}