{
    "lstm": {
        "acc_mean": 0.7916165865384616,
        "acc_std": 0.02014958259611386
    },
    "csnn": {
        "acc_mean": 0.7686298076923077,
        "acc_std": 0.02853776459274943
    },
    "beta-snn": {
        "acc_mean": 0.5873647836538461,
        "acc_std": 0.04442132073029564
    }
}