{
    "lstm": {
        "acc_mean": 0.4669471153846154,
        "acc_std": 0.05961041678277608
    },
    "csnn": {
        "acc_mean": 0.8148287259615384,
        "acc_std": 0.016263304773491985
    },
    "ersnn": {
        "acc_mean": 0.8846905048076923,
        "acc_std": 0.02691180234152652
    }
}