{
    "lstm": {
        "acc_mean": 0.3225661057692308,
        "acc_std": 0.030667812759447032
    },
    "csnn": {
        "acc_mean": 0.7430889423076923,
        "acc_std": 0.04751968227865844
    },
    "beta-snn": {
        "acc_mean": 0.9286358173076923,
        "acc_std": 0.024576590118228457
    }
}