{
    "lstm": {
        "acc_mean": 0.4303635817307692,
        "acc_std": 0.039342833653331105
    },
    "csnn": {
        "acc_mean": 0.3515625,
        "acc_std": 0.03360283307438526
    },
    "beta-snn": {
        "acc_mean": 0.3389423076923077,
        "acc_std": 0.04295298762801416
    }
}