{
    "lstm": {
        "acc_mean": 0.4490685096153846,
        "acc_std": 0.04260023650925988
    },
    "csnn": {
        "acc_mean": 0.34615384615384615,
        "acc_std": 0.03348844355516409
    },
    "beta-snn": {
        "acc_mean": 0.12424879807692307,
        "acc_std": 0.032381944113710766
    }
}