{
    "lstm": {
        "acc_mean": 0.8151292067307692,
        "acc_std": 0.03813850018015222
    },
    "csnn": {
        "acc_mean": 0.9337439903846154,
        "acc_std": 0.025846149905697027
    },
    "ersnn": {
        "acc_mean": 0.9498197115384616,
        "acc_std": 0.01923311659351594
    }
}