{
    "lstm": {
        "acc_mean": 0.8780799278846154,
        "acc_std": 0.028387780530535783
    },
    "csnn": {
        "acc_mean": 0.9162409855769231,
        "acc_std": 0.027563992922615455
    },
    "beta-snn": {
        "acc_mean": 0.9693509615384616,
        "acc_std": 0.016436050878818925
    }
}