{
    "lstm": {
        "acc_mean": 0.6817157451923077,
        "acc_std": 0.03984395111312946
    },
    "csnn": {
        "acc_mean": 0.9156400240384616,
        "acc_std": 0.01847636067980897
    },
    "ersnn": {
        "acc_mean": 0.9500450721153846,
        "acc_std": 0.020629350690028362
    }
}