{
    "csnn": {
        "acc_mean": 0.3604266826923077,
        "acc_std": 0.03563041868355417
    },
    "ersnn": {
        "acc_mean": 0.4108323317307692,
        "acc_std": 0.04282134300257706
    }
}