{
    "lstm": {
        "acc_mean": 0.8768780048076923,
        "acc_std": 0.036095780039217665
    },
    "csnn": {
        "acc_mean": 0.8490084134615384,
        "acc_std": 0.04878789022784397
    },
    "ersnn": {
        "acc_mean": 0.9300631009615384,
        "acc_std": 0.017928248740149172
    }
}