{
    "ersnn": {
        "acc_mean": 0.7789963942307692,
        "acc_std": 0.02862897448308811
    }
}