{
    "lstm": {
        "acc_mean": 0.7075570913461539,
        "acc_std": 0.02545754491297047
    },
    "csnn": {
        "acc_mean": 0.412109375,
        "acc_std": 0.02462796916585643
    },
    "ersnn": {
        "acc_mean": 0.7500751201923077,
        "acc_std": 0.03091074970324252
    }
}