{
    "lstm": {
        "acc_mean": 0.8331580528846154,
        "acc_std": 0.04691344721573771
    },
    "csnn": {
        "acc_mean": 0.7434645432692308,
        "acc_std": 0.04411077905119666
    },
    "ersnn": {
        "acc_mean": 0.8180588942307692,
        "acc_std": 0.029036067916463203
    }
}