{
    "lstm": {
        "acc_mean": 0.44999999999999996,
        "acc_std": 0.16643316977093237
    },
    "csnn": {
        "acc_mean": 0.408,
        "acc_std": 0.15791136754521506
    },
    "beta-snn": {
        "acc_mean": 0.753,
        "acc_std": 0.14996999699939986
    }
}