{
    "lstm": {
        "acc_mean": 0.8583984375,
        "acc_std": 0.018911051495153403
    },
    "csnn": {
        "acc_mean": 0.8771784855769231,
        "acc_std": 0.01700290419046434
    },
    "beta-snn": {
        "acc_mean": 0.9529747596153846,
        "acc_std": 0.011055691643320452
    }
}