{
    "lstm": {
        "acc_mean": 0.8463040865384616,
        "acc_std": 0.02930996995313001
    },
    "csnn": {
        "acc_mean": 0.9032451923076923,
        "acc_std": 0.0150450574124039
    },
    "beta-snn": {
        "acc_mean": 0.9666466346153846,
        "acc_std": 0.017040200575430084
    }
}