{
    "lstm": {
        "acc_mean": 0.8262469951923077,
        "acc_std": 0.024966023849542624
    },
    "csnn": {
        "acc_mean": 0.9220252403846154,
        "acc_std": 0.0273466390855382
    },
    "ersnn": {
        "acc_mean": 0.9130108173076923,
        "acc_std": 0.017218754152951637
    }
}