{
    "lstm": {
        "acc_mean": 0.8608022836538461,
        "acc_std": 0.02852342487629762
    },
    "csnn": {
        "acc_mean": 0.9127854567307692,
        "acc_std": 0.01448378867537473
    },
    "ersnn": {
        "acc_mean": 0.9559044471153846,
        "acc_std": 0.012356072849995068
    }
}