{
    "lstm": {
        "acc_mean": 0.33263221153846156,
        "acc_std": 0.022651945622535752
    },
    "csnn": {
        "acc_mean": 0.3230919471153846,
        "acc_std": 0.031457247633928015
    },
    "ersnn": {
        "acc_mean": 0.7398587740384616,
        "acc_std": 0.036019407635138265
    }
}