{
    "lstm": {
        "acc_mean": 0.6653395432692308,
        "acc_std": 0.031169630002826562
    },
    "csnn": {
        "acc_mean": 0.46033653846153844,
        "acc_std": 0.02923478689652714
    },
    "ersnn": {
        "acc_mean": 0.1671424278846154,
        "acc_std": 0.02871665251255426
    }
}