{
    "lstm": {
        "acc_mean": 0.4040715144230769,
        "acc_std": 0.04365039104670544
    },
    "csnn": {
        "acc_mean": 0.6866736778846154,
        "acc_std": 0.037499876605250324
    },
    "ersnn": {
        "acc_mean": 0.8667367788461539,
        "acc_std": 0.011425186100826417
    }
}