{
    "lstm": {
        "acc_mean": 0.7113131009615384,
        "acc_std": 0.040127333604009954
    },
    "csnn": {
        "acc_mean": 0.42818509615384615,
        "acc_std": 0.05615373810415052
    },
    "ersnn": {
        "acc_mean": 0.2659254807692308,
        "acc_std": 0.035198599985238874
    }
}