{
    "lstm": {
        "acc_mean": 0.7335486778846154,
        "acc_std": 0.034106800984756803
    },
    "csnn": {
        "acc_mean": 0.7300931490384616,
        "acc_std": 0.027286627881103843
    },
    "ersnn": {
        "acc_mean": 0.8801081730769231,
        "acc_std": 0.017489942561124096
    }
}