{
    "lstm": {
        "acc_mean": 0.6245492788461539,
        "acc_std": 0.0174763862155442
    },
    "csnn": {
        "acc_mean": 0.9186448317307692,
        "acc_std": 0.021916436799833277
    },
    "ersnn": {
        "acc_mean": 0.8771784855769231,
        "acc_std": 0.025299227248032893
    }
}