{
    "lstm": {
        "acc_mean": 0.6947115384615384,
        "acc_std": 0.02700150353907967
    },
    "csnn": {
        "acc_mean": 0.48490084134615385,
        "acc_std": 0.04271737328436312
    },
    "beta-snn": {
        "acc_mean": 0.3301532451923077,
        "acc_std": 0.020599786711056677
    }
}