{
    "lstm": {
        "acc_mean": 0.6867487980769231,
        "acc_std": 0.042174218114552776
    },
    "csnn": {
        "acc_mean": 0.9054236778846154,
        "acc_std": 0.026428539186076145
    },
    "ersnn": {
        "acc_mean": 0.9402043269230769,
        "acc_std": 0.03086480190185025
    }
}