{
    "lstm": {
        "acc_mean": 0.7884615384615384,
        "acc_std": 0.0
    },
    "csnn": {
        "acc_mean": 0.8653846153846154,
        "acc_std": 0.0
    },
    "beta-snn": {
        "acc_mean": 0.9038461538461539,
        "acc_std": 0.0
    }
}