{
    "lstm": {
        "acc_mean": 0.7934945913461539,
        "acc_std": 0.03897449579613849
    },
    "csnn": {
        "acc_mean": 0.5407151442307692,
        "acc_std": 0.04025068607157096
    },
    "ersnn": {
        "acc_mean": 0.5186298076923077,
        "acc_std": 0.03630349910151476
    }
}