{
    "lstm": {
        "acc_mean": 0.10336538461538461,
        "acc_std": 0.016692240880205707
    },
    "csnn": {
        "acc_mean": 0.18209134615384615,
        "acc_std": 0.030111111767379226
    },
    "ersnn": {
        "acc_mean": 0.10336538461538461,
        "acc_std": 0.016692240880205707
    }
}