{
    "lstm": {
        "acc_mean": 0.1346153846153846,
        "acc_std": 0.0
    },
    "csnn": {
        "acc_mean": 0.4807692307692308,
        "acc_std": 0.0
    },
    "beta-snn": {
        "acc_mean": 0.9230769230769231,
        "acc_std": 0.0
    }
}