{
    "lstm": {
        "acc_mean": 0.6315354567307692,
        "acc_std": 0.08049096180982557
    },
    "csnn": {
        "acc_mean": 0.8910757211538461,
        "acc_std": 0.026806438272310086
    },
    "ersnn": {
        "acc_mean": 0.9083533653846154,
        "acc_std": 0.023447128815984864
    }
}