{
    "lstm": {
        "acc_mean": 0.8416466346153846,
        "acc_std": 0.01611989012139623
    },
    "csnn": {
        "acc_mean": 0.9035456730769231,
        "acc_std": 0.01673545711014943
    },
    "beta-snn": {
        "acc_mean": 0.9741586538461539,
        "acc_std": 0.005880524576556763
    }
}