{
    "lstm": {
        "acc_mean": 0.7555588942307692,
        "acc_std": 0.04415815126998772
    },
    "csnn": {
        "acc_mean": 0.9275841346153846,
        "acc_std": 0.018430031520667845
    },
    "ersnn": {
        "acc_mean": 0.9186448317307692,
        "acc_std": 0.016791841596102145
    }
}