{
    "lstm": {
        "acc_mean": 0.8023587740384616,
        "acc_std": 0.03600311060702184
    },
    "csnn": {
        "acc_mean": 0.8907752403846154,
        "acc_std": 0.022985796861880764
    },
    "beta-snn": {
        "acc_mean": 0.9612379807692308,
        "acc_std": 0.017182666412855523
    }
}