{
    "ersnn": {
        "acc_mean": 0.6754807692307692,
        "acc_std": 0.038035453497648995
    }
}