{
    "lstm": {
        "acc_mean": 0.45567908653846156,
        "acc_std": 0.029369977828861346
    },
    "csnn": {
        "acc_mean": 0.8372896634615384,
        "acc_std": 0.02588629183331103
    },
    "ersnn": {
        "acc_mean": 0.8614032451923077,
        "acc_std": 0.018113626532166225
    }
}