{
    "ersnn": {
        "acc_mean": 0.9178936298076923,
        "acc_std": 0.017045332792085647
    }
}