{
    "lstm": {
        "acc_mean": 0.8511868990384616,
        "acc_std": 0.03090709830257144
    },
    "csnn": {
        "acc_mean": 0.8533653846153846,
        "acc_std": 0.028774073605466622
    },
    "beta-snn": {
        "acc_mean": 0.9408052884615384,
        "acc_std": 0.023265440305347784
    }
}