{
    "lstm": {
        "acc_mean": 0.7230318509615384,
        "acc_std": 0.02869148850171334
    },
    "csnn": {
        "acc_mean": 0.7870342548076923,
        "acc_std": 0.026703828409494385
    },
    "beta-snn": {
        "acc_mean": 0.7049278846153846,
        "acc_std": 0.03803307962006843
    }
}