{
    "lstm": {
        "acc_mean": 0.7113131009615384,
        "acc_std": 0.034615250937700945
    },
    "csnn": {
        "acc_mean": 0.7521784855769231,
        "acc_std": 0.059491350810202744
    },
    "beta-snn": {
        "acc_mean": 0.3935546875,
        "acc_std": 0.05726854262263965
    }
}