{
    "lstm": {
        "acc_mean": 0.7593149038461539,
        "acc_std": 0.018464292663145702
    },
    "csnn": {
        "acc_mean": 0.9135366586538461,
        "acc_std": 0.019610686969522045
    },
    "ersnn": {
        "acc_mean": 0.9242788461538461,
        "acc_std": 0.026169442752167066
    }
}