{
    "lstm": {
        "acc_mean": 0.8833383413461539,
        "acc_std": 0.019125872407282737
    },
    "csnn": {
        "acc_mean": 0.9230769230769231,
        "acc_std": 0.02040173701534611
    },
    "beta-snn": {
        "acc_mean": 0.9654447115384616,
        "acc_std": 0.012962532818583531
    }
}