{
    "lstm": {
        "acc_mean": 0.10006009615384615,
        "acc_std": 0.025989415343952778
    },
    "csnn": {
        "acc_mean": 0.11057692307692307,
        "acc_std": 0.035614260552954455
    },
    "ersnn": {
        "acc_mean": 0.11057692307692307,
        "acc_std": 0.035614260552954455
    }
}