{
    "csnn": {
        "acc_mean": 0.9293118990384616,
        "acc_std": 0.02185248847449835
    },
    "ersnn": {
        "acc_mean": 0.9083533653846154,
        "acc_std": 0.02377028899226696
    }
}