{
    "lstm": {
        "acc_mean": 0.8615534855769231,
        "acc_std": 0.03085885932153773
    },
    "csnn": {
        "acc_mean": 0.8349609375,
        "acc_std": 0.0391478559625536
    },
    "ersnn": {
        "acc_mean": 0.9233022836538461,
        "acc_std": 0.02090002517057154
    }
}