{
    "lstm": {
        "acc_mean": 0.4260817307692308,
        "acc_std": 0.05133914214945563
    },
    "csnn": {
        "acc_mean": 0.8149789663461539,
        "acc_std": 0.020083801719134365
    },
    "ersnn": {
        "acc_mean": 0.8266977163461539,
        "acc_std": 0.028605607469393547
    }
}