{
    "lstm": {
        "acc_mean": 0.3917518028846154,
        "acc_std": 0.05722122554227971
    },
    "csnn": {
        "acc_mean": 0.6651141826923077,
        "acc_std": 0.04255146144119743
    },
    "ersnn": {
        "acc_mean": 0.8543419471153846,
        "acc_std": 0.03255738946830245
    }
}