{
    "ersnn": {
        "acc_mean": 0.8684645432692308,
        "acc_std": 0.01973231725187111
    }
}