{
    "lstm": {
        "acc_mean": 0.5042067307692308,
        "acc_std": 0.02580988133592838
    },
    "csnn": {
        "acc_mean": 0.8364633413461539,
        "acc_std": 0.031542520601825434
    },
    "ersnn": {
        "acc_mean": 0.9295372596153846,
        "acc_std": 0.011421234116584739
    }
}