{
    "lstm": {
        "acc_mean": 0.7820763221153846,
        "acc_std": 0.0367569633427877
    },
    "csnn": {
        "acc_mean": 0.8221153846153846,
        "acc_std": 0.02231866298643019
    },
    "ersnn": {
        "acc_mean": 0.6595552884615384,
        "acc_std": 0.016578262288622265
    }
}