{
    "lstm": {
        "acc_mean": 0.8204627403846154,
        "acc_std": 0.027772535522901744
    },
    "csnn": {
        "acc_mean": 0.6431790865384616,
        "acc_std": 0.035898021371838854
    },
    "ersnn": {
        "acc_mean": 0.7025991586538461,
        "acc_std": 0.05623924257843797
    }
}