{
    "lstm": {
        "acc_mean": 0.8626051682692308,
        "acc_std": 0.038521280107385626
    },
    "csnn": {
        "acc_mean": 0.9190955528846154,
        "acc_std": 0.02561664644985532
    },
    "beta-snn": {
        "acc_mean": 0.9773137019230769,
        "acc_std": 0.0117370342443361
    }
}