{
    "ersnn": {
        "acc_mean": 0.32572115384615385,
        "acc_std": 0.04094705145699077
    }
}