{
    "lstm": {
        "acc_mean": 0.7326472355769231,
        "acc_std": 0.04496826728381546
    },
    "csnn": {
        "acc_mean": 0.4529747596153846,
        "acc_std": 0.04261401064966411
    },
    "beta-snn": {
        "acc_mean": 0.2439903846153846,
        "acc_std": 0.043246271285765685
    }
}