{
    "lstm": {
        "acc_mean": 0.6982421875,
        "acc_std": 0.04295765126547416
    },
    "csnn": {
        "acc_mean": 0.7210036057692308,
        "acc_std": 0.03421359858873091
    },
    "beta-snn": {
        "acc_mean": 0.3634314903846154,
        "acc_std": 0.046663367100226005
    }
}