{
    "lstm": {
        "acc_mean": 0.6005859375,
        "acc_std": 0.05460896984381178
    },
    "csnn": {
        "acc_mean": 0.9106069711538461,
        "acc_std": 0.01787481779522676
    },
    "ersnn": {
        "acc_mean": 0.9378756009615384,
        "acc_std": 0.019008674468571494
    }
}