{
    "ersnn": {
        "acc_mean": 0.9030198317307692,
        "acc_std": 0.0264541492756831
    }
}