{
    "lstm": {
        "acc_mean": 0.3924278846153846,
        "acc_std": 0.05026298747398071
    },
    "csnn": {
        "acc_mean": 0.6609825721153846,
        "acc_std": 0.03687651694126082
    },
    "ersnn": {
        "acc_mean": 0.8870192307692308,
        "acc_std": 0.03205722851488372
    }
}