{
    "lstm": {
        "acc_mean": 0.4891075721153846,
        "acc_std": 0.04457198230151317
    },
    "csnn": {
        "acc_mean": 0.71484375,
        "acc_std": 0.04671195602773984
    },
    "beta-snn": {
        "acc_mean": 0.9741586538461539,
        "acc_std": 0.01052969679563415
    }
}