{
    "lstm": {
        "acc_mean": 0.8054387019230769,
        "acc_std": 0.03899280718948278
    },
    "csnn": {
        "acc_mean": 0.9312650240384616,
        "acc_std": 0.015200102681181727
    },
    "ersnn": {
        "acc_mean": 0.9463641826923077,
        "acc_std": 0.020515928277545833
    }
}