{
    "lstm": {
        "acc_mean": 0.18524639423076922,
        "acc_std": 0.03642361154567505
    },
    "csnn": {
        "acc_mean": 0.3152043269230769,
        "acc_std": 0.03947521433660909
    },
    "ersnn": {
        "acc_mean": 0.47400841346153844,
        "acc_std": 0.02338495326859854
    }
}