{
    "lstm": {
        "acc_mean": 0.8221153846153846,
        "acc_std": 0.02965792379895041
    },
    "csnn": {
        "acc_mean": 0.6135817307692308,
        "acc_std": 0.048831591962715755
    },
    "ersnn": {
        "acc_mean": 0.9025691105769231,
        "acc_std": 0.030370026292445982
    }
}