{
    "lstm": {
        "acc_mean": 0.8137770432692308,
        "acc_std": 0.02017351330831111
    },
    "csnn": {
        "acc_mean": 0.8364633413461539,
        "acc_std": 0.027951879347220675
    },
    "beta-snn": {
        "acc_mean": 0.8484074519230769,
        "acc_std": 0.024832422330780715
    }
}