{
    "lstm": {
        "acc_mean": 0.6977914663461539,
        "acc_std": 0.04277229234369899
    },
    "csnn": {
        "acc_mean": 0.9302884615384616,
        "acc_std": 0.020588963357122472
    },
    "ersnn": {
        "acc_mean": 0.9293118990384616,
        "acc_std": 0.008989034258644437
    }
}