{
    "lstm": {
        "acc_mean": 0.8497596153846154,
        "acc_std": 0.027544434729526692
    },
    "csnn": {
        "acc_mean": 0.759765625,
        "acc_std": 0.03596084499906634
    },
    "ersnn": {
        "acc_mean": 0.9196213942307692,
        "acc_std": 0.022551577188287108
    }
}