{
    "lstm": {
        "acc_mean": 0.6686448317307692,
        "acc_std": 0.027477052336924466
    },
    "csnn": {
        "acc_mean": 0.8966346153846154,
        "acc_std": 0.022864197571811067
    },
    "ersnn": {
        "acc_mean": 0.9190955528846154,
        "acc_std": 0.02139739043725625
    }
}