{
    "lstm": {
        "acc_mean": 0.8693659855769231,
        "acc_std": 0.026544440371046307
    },
    "csnn": {
        "acc_mean": 0.9199969951923077,
        "acc_std": 0.023810968116083856
    },
    "beta-snn": {
        "acc_mean": 0.9755859375,
        "acc_std": 0.0180861906029806
    }
}