{
    "ersnn": {
        "acc_mean": 0.9385516826923077,
        "acc_std": 0.017755718590265854
    }
}