{
    "lstm": {
        "acc_mean": 0.9083533653846154,
        "acc_std": 0.02140595980885669
    },
    "csnn": {
        "acc_mean": 0.9136868990384616,
        "acc_std": 0.02962736956207058
    },
    "ersnn": {
        "acc_mean": 0.9541766826923077,
        "acc_std": 0.018532015939235993
    }
}