{
    "ersnn": {
        "acc_mean": 0.7694561298076923,
        "acc_std": 0.03783426080506962
    }
}