{
    "csnn": {
        "acc_mean": 0.9125600961538461,
        "acc_std": 0.01814366483107034
    },
    "ersnn": {
        "acc_mean": 0.9064753605769231,
        "acc_std": 0.01578578945592043
    }
}