{
    "lstm": {
        "acc_mean": 0.7101111778846154,
        "acc_std": 0.04099876764652813
    },
    "csnn": {
        "acc_mean": 0.9242037259615384,
        "acc_std": 0.013016185645805155
    },
    "ersnn": {
        "acc_mean": 0.9198467548076923,
        "acc_std": 0.0186562929658742
    }
}