{
    "lstm": {
        "acc_mean": 0.6048677884615384,
        "acc_std": 0.03527546969894956
    },
    "csnn": {
        "acc_mean": 0.41736778846153844,
        "acc_std": 0.06555372093166273
    },
    "ersnn": {
        "acc_mean": 0.5673828125,
        "acc_std": 0.06370152444257982
    }
}