{
    "lstm": {
        "acc_mean": 0.5043569711538461,
        "acc_std": 0.03445159766637013
    },
    "csnn": {
        "acc_mean": 0.8263221153846154,
        "acc_std": 0.03201777344945308
    },
    "beta-snn": {
        "acc_mean": 0.9588341346153846,
        "acc_std": 0.006624221059209323
    }
}