{
    "lstm": {
        "acc_mean": 0.8073918269230769,
        "acc_std": 0.04503103095471282
    },
    "csnn": {
        "acc_mean": 0.5963040865384616,
        "acc_std": 0.025103635249020886
    },
    "ersnn": {
        "acc_mean": 0.8635817307692308,
        "acc_std": 0.022190865910621103
    }
}