{
    "lstm": {
        "acc_mean": 0.8451021634615384,
        "acc_std": 0.03955375955004539
    },
    "csnn": {
        "acc_mean": 0.7686298076923077,
        "acc_std": 0.039374447830612266
    },
    "ersnn": {
        "acc_mean": 0.9309645432692308,
        "acc_std": 0.03025236668894413
    }
}