{
    "lstm": {
        "acc_mean": 0.6126802884615384,
        "acc_std": 0.04507712311924387
    },
    "csnn": {
        "acc_mean": 0.4100811298076923,
        "acc_std": 0.0312412407692243
    },
    "ersnn": {
        "acc_mean": 0.16661658653846154,
        "acc_std": 0.05057168117247156
    }
}