{
    "lstm": {
        "acc_mean": 0.11328125,
        "acc_std": 0.022777155839239456
    },
    "csnn": {
        "acc_mean": 0.115234375,
        "acc_std": 0.020577448736040505
    },
    "beta-snn": {
        "acc_mean": 0.22130408653846154,
        "acc_std": 0.03107870431808385
    }
}