{
    "lstm": {
        "acc_mean": 0.7664513221153846,
        "acc_std": 0.03455128726312245
    },
    "csnn": {
        "acc_mean": 0.9339693509615384,
        "acc_std": 0.010960084970662457
    },
    "ersnn": {
        "acc_mean": 0.9178936298076923,
        "acc_std": 0.02176347487748568
    }
}