{
    "lstm": {
        "acc_mean": 0.3084435096153846,
        "acc_std": 0.029394561006258403
    },
    "csnn": {
        "acc_mean": 0.3465294471153846,
        "acc_std": 0.04543914811158013
    },
    "ersnn": {
        "acc_mean": 0.7000450721153846,
        "acc_std": 0.032656381466983964
    }
}