{
    "lstm": {
        "acc_mean": 0.8919020432692308,
        "acc_std": 0.021956566933569052
    },
    "csnn": {
        "acc_mean": 0.9030949519230769,
        "acc_std": 0.030515815638824367
    },
    "beta-snn": {
        "acc_mean": 0.9673978365384616,
        "acc_std": 0.02161112757464577
    }
}