{
    "lstm": {
        "acc_mean": 0.5716646634615384,
        "acc_std": 0.048582964419664865
    },
    "csnn": {
        "acc_mean": 0.8109224759615384,
        "acc_std": 0.018123592936211803
    },
    "beta-snn": {
        "acc_mean": 0.9602614182692308,
        "acc_std": 0.013989106416609352
    }
}