{
    "lstm": {
        "acc_mean": 0.5238131009615384,
        "acc_std": 0.03918013157022082
    },
    "csnn": {
        "acc_mean": 0.44396033653846156,
        "acc_std": 0.0399229723300132
    },
    "beta-snn": {
        "acc_mean": 0.27493990384615385,
        "acc_std": 0.03711272028288263
    }
}