{
    "lstm": {
        "acc_mean": 0.5329026442307692,
        "acc_std": 0.04204771822391704
    },
    "csnn": {
        "acc_mean": 0.4550030048076923,
        "acc_std": 0.04591404902573571
    },
    "beta-snn": {
        "acc_mean": 0.4514723557692308,
        "acc_std": 0.039156864109328095
    }
}