{
    "lstm": {
        "acc_mean": 0.1346153846153846,
        "acc_std": 0.0
    },
    "csnn": {
        "acc_mean": 0.3076923076923077,
        "acc_std": 0.0
    },
    "beta-snn": {
        "acc_mean": 0.6730769230769231,
        "acc_std": 0.0
    }
}