{
    "lstm": {
        "acc_mean": 0.5679086538461539,
        "acc_std": 0.04450464078348056
    },
    "csnn": {
        "acc_mean": 0.88671875,
        "acc_std": 0.022439697838039174
    },
    "ersnn": {
        "acc_mean": 0.8781550480769231,
        "acc_std": 0.027650354019795584
    }
}