{
    "lstm": {
        "acc_mean": 0.7877103365384616,
        "acc_std": 0.02703951296028361
    },
    "csnn": {
        "acc_mean": 0.9064002403846154,
        "acc_std": 0.028789366554448827
    },
    "beta-snn": {
        "acc_mean": 0.7795973557692308,
        "acc_std": 0.04304092034545822
    }
}