{
    "lstm": {
        "acc_mean": 0.7771935096153846,
        "acc_std": 0.037154966543734534
    },
    "csnn": {
        "acc_mean": 0.88671875,
        "acc_std": 0.02561499423555469
    },
    "beta-snn": {
        "acc_mean": 0.9673227163461539,
        "acc_std": 0.009202453514591442
    }
}