{
    "lstm": {
        "acc_mean": 0.7204777644230769,
        "acc_std": 0.023155426111866943
    },
    "csnn": {
        "acc_mean": 0.9103064903846154,
        "acc_std": 0.023189154391958948
    },
    "ersnn": {
        "acc_mean": 0.9236778846153846,
        "acc_std": 0.028753670354373935
    }
}