{
    "lstm": {
        "acc_mean": 0.7607421875,
        "acc_std": 0.02947536772028627
    },
    "csnn": {
        "acc_mean": 0.9480919471153846,
        "acc_std": 0.01986115946426013
    },
    "ersnn": {
        "acc_mean": 0.9396033653846154,
        "acc_std": 0.025738067879600555
    }
}