{
    "lstm": {
        "acc_mean": 0.6959885817307692,
        "acc_std": 0.03077169188413507
    },
    "csnn": {
        "acc_mean": 0.7479717548076923,
        "acc_std": 0.03814323466569374
    },
    "ersnn": {
        "acc_mean": 0.8659104567307692,
        "acc_std": 0.027316391738112646
    }
}