{
    "lstm": {
        "acc_mean": 0.7255859375,
        "acc_std": 0.045627524946186195
    },
    "csnn": {
        "acc_mean": 0.8069411057692308,
        "acc_std": 0.04389153977120151
    },
    "beta-snn": {
        "acc_mean": 0.5610727163461539,
        "acc_std": 0.048742702182714814
    }
}