{
    "lstm": {
        "acc_mean": 0.7379056490384616,
        "acc_std": 0.045390937195780134
    },
    "csnn": {
        "acc_mean": 0.8020582932692308,
        "acc_std": 0.04697787641085112
    },
    "beta-snn": {
        "acc_mean": 0.9004657451923077,
        "acc_std": 0.0325296454812711
    }
}