{
    "csnn": {
        "acc_mean": 0.7516526442307692,
        "acc_std": 0.026388901349781547
    },
    "ersnn": {
        "acc_mean": 0.7924429086538461,
        "acc_std": 0.02775170094779613
    }
}