{
    "lstm": {
        "acc_mean": 0.20342548076923078,
        "acc_std": 0.022661908215101924
    },
    "csnn": {
        "acc_mean": 0.31588040865384615,
        "acc_std": 0.05599347471075008
    },
    "ersnn": {
        "acc_mean": 0.5733924278846154,
        "acc_std": 0.0862821712675462
    }
}