{
    "lstm": {
        "acc_mean": 0.49571814903846156,
        "acc_std": 0.0357084922573736
    },
    "csnn": {
        "acc_mean": 0.4402794471153846,
        "acc_std": 0.040538116043794564
    },
    "ersnn": {
        "acc_mean": 0.7255859375,
        "acc_std": 0.026039632081979264
    }
}