{
    "ersnn": {
        "acc_mean": 0.44178185096153844,
        "acc_std": 0.11888958886280997
    }
}