{
    "lstm": {
        "acc_mean": 0.8049128605769231,
        "acc_std": 0.02428125861937308
    },
    "csnn": {
        "acc_mean": 0.9335186298076923,
        "acc_std": 0.01666229536828782
    },
    "ersnn": {
        "acc_mean": 0.8982121394230769,
        "acc_std": 0.03099170001242445
    }
}