{
    "lstm": {
        "acc_mean": 0.4528996394230769,
        "acc_std": 0.051015349880071115
    },
    "csnn": {
        "acc_mean": 0.3427734375,
        "acc_std": 0.04901332066925627
    },
    "beta-snn": {
        "acc_mean": 0.25240384615384615,
        "acc_std": 0.04290671793198038
    }
}