{
    "lstm": {
        "acc_mean": 0.4299879807692308,
        "acc_std": 0.05392604392830422
    },
    "csnn": {
        "acc_mean": 0.3909254807692308,
        "acc_std": 0.05386070641690982
    },
    "beta-snn": {
        "acc_mean": 0.4452373798076923,
        "acc_std": 0.04315999907243805
    }
}