{
    "lstm": {
        "acc_mean": 0.6646634615384616,
        "acc_std": 0.028708103155038908
    },
    "csnn": {
        "acc_mean": 0.38904747596153844,
        "acc_std": 0.03310738718264759
    },
    "ersnn": {
        "acc_mean": 0.20673076923076922,
        "acc_std": 0.04421459910316445
    }
}