{
    "lstm": {
        "acc_mean": 0.4150390625,
        "acc_std": 0.03183953200566622
    },
    "csnn": {
        "acc_mean": 0.6932091346153846,
        "acc_std": 0.04306949257954568
    },
    "ersnn": {
        "acc_mean": 0.8061147836538461,
        "acc_std": 0.043876301829423564
    }
}