{
    "lstm": {
        "acc_mean": 0.6932842548076923,
        "acc_std": 0.05238021716298078
    },
    "csnn": {
        "acc_mean": 0.6774338942307692,
        "acc_std": 0.02807003471361413
    },
    "beta-snn": {
        "acc_mean": 0.5354567307692308,
        "acc_std": 0.06598546745822502
    }
}