{
    "lstm": {
        "acc_mean": 0.7692307692307693,
        "acc_std": 0.0
    },
    "csnn": {
        "acc_mean": 0.9423076923076923,
        "acc_std": 0.0
    },
    "beta-snn": {
        "acc_mean": 0.9807692307692307,
        "acc_std": 0.0
    }
}