{
    "lstm": {
        "acc_mean": 0.23317307692307693,
        "acc_std": 0.025674846547516804
    },
    "csnn": {
        "acc_mean": 0.6898287259615384,
        "acc_std": 0.025714268369535373
    },
    "ersnn": {
        "acc_mean": 0.8393930288461539,
        "acc_std": 0.04970913768136655
    }
}