{
    "lstm": {
        "acc_mean": 0.71875,
        "acc_std": 0.03515625
    },
    "csnn": {
        "acc_mean": 0.35546875,
        "acc_std": 0.04638414877749186
    },
    "ersnn": {
        "acc_mean": 0.5384615384615384,
        "acc_std": 0.044933681639217876
    }
}