{
    "lstm": {
        "acc_mean": 0.6960637019230769,
        "acc_std": 0.03199908579135545
    },
    "csnn": {
        "acc_mean": 0.3933293269230769,
        "acc_std": 0.032854243576130156
    },
    "ersnn": {
        "acc_mean": 0.4842247596153846,
        "acc_std": 0.033059371631780105
    }
}