{
    "lstm": {
        "acc_mean": 0.8125,
        "acc_std": 0.0358013726168425
    },
    "csnn": {
        "acc_mean": 0.8128004807692308,
        "acc_std": 0.02447950271759346
    },
    "beta-snn": {
        "acc_mean": 0.7630709134615384,
        "acc_std": 0.03403500190802617
    }
}