{
    "lstm": {
        "acc_mean": 0.48865685096153844,
        "acc_std": 0.034759063537743246
    },
    "csnn": {
        "acc_mean": 0.8097205528846154,
        "acc_std": 0.03330587388423631
    },
    "ersnn": {
        "acc_mean": 0.8984375,
        "acc_std": 0.019918044974971814
    }
}