{
    "lstm": {
        "acc_mean": 0.8475060096153846,
        "acc_std": 0.02800401779073361
    },
    "csnn": {
        "acc_mean": 0.9184194711538461,
        "acc_std": 0.01971701139869349
    },
    "ersnn": {
        "acc_mean": 0.9666466346153846,
        "acc_std": 0.017040200575430084
    }
}