{
    "lstm": {
        "acc_mean": 0.7692307692307693,
        "acc_std": 0.0
    },
    "csnn": {
        "acc_mean": 0.8076923076923077,
        "acc_std": 0.0
    },
    "beta-snn": {
        "acc_mean": 0.9615384615384616,
        "acc_std": 0.0
    }
}