{
    "ersnn": {
        "acc_mean": 0.9242037259615384,
        "acc_std": 0.022132683051961057
    }
}