{
    "lstm": {
        "acc_mean": 0.8054387019230769,
        "acc_std": 0.04325957883467753
    },
    "csnn": {
        "acc_mean": 0.5213341346153846,
        "acc_std": 0.04071597581112171
    },
    "ersnn": {
        "acc_mean": 0.8539663461538461,
        "acc_std": 0.02844745247765721
    }
}