{
    "lstm": {
        "acc_mean": 0.6800631009615384,
        "acc_std": 0.03406839446358106
    },
    "csnn": {
        "acc_mean": 0.7088341346153846,
        "acc_std": 0.03311701601826125
    },
    "ersnn": {
        "acc_mean": 0.5836838942307692,
        "acc_std": 0.041879894600873026
    }
}