{
    "lstm": {
        "acc_mean": 0.4539513221153846,
        "acc_std": 0.05070112154753809
    },
    "csnn": {
        "acc_mean": 0.7357271634615384,
        "acc_std": 0.0331262161833999
    },
    "ersnn": {
        "acc_mean": 0.7768179086538461,
        "acc_std": 0.026892504258688908
    }
}