{
    "ersnn": {
        "acc_mean": 0.8913762019230769,
        "acc_std": 0.018807671991433
    }
}