{
    "ersnn": {
        "acc_mean": 0.8903245192307692,
        "acc_std": 0.022584083442444176
    }
}