{
    "lstm": {
        "acc_mean": 0.29927884615384615,
        "acc_std": 0.030728474547582894
    },
    "csnn": {
        "acc_mean": 0.3202373798076923,
        "acc_std": 0.023211896314385378
    },
    "ersnn": {
        "acc_mean": 0.9217998798076923,
        "acc_std": 0.026516363837880454
    }
}