{
    "lstm": {
        "acc_mean": 0.8291015625,
        "acc_std": 0.02934566250257172
    },
    "csnn": {
        "acc_mean": 0.7540564903846154,
        "acc_std": 0.030472883552677958
    },
    "ersnn": {
        "acc_mean": 0.6527193509615384,
        "acc_std": 0.026031829360377172
    }
}