{
    "lstm": {
        "acc_mean": 0.09848257211538461,
        "acc_std": 0.017183815826483935
    },
    "csnn": {
        "acc_mean": 0.10599459134615385,
        "acc_std": 0.029712576360144998
    },
    "ersnn": {
        "acc_mean": 0.10599459134615385,
        "acc_std": 0.029712576360144998
    }
}