{
    "lstm": {
        "acc_mean": 0.7004957932692308,
        "acc_std": 0.02698132847017562
    },
    "csnn": {
        "acc_mean": 0.9162409855769231,
        "acc_std": 0.016477028125180673
    },
    "ersnn": {
        "acc_mean": 0.9210486778846154,
        "acc_std": 0.020472285372320584
    }
}