{
    "lstm": {
        "acc_mean": 0.22776442307692307,
        "acc_std": 0.027442630807252264
    },
    "csnn": {
        "acc_mean": 0.11260516826923077,
        "acc_std": 0.040264353002055844
    },
    "ersnn": {
        "acc_mean": 0.13431490384615385,
        "acc_std": 0.042314478189950495
    }
}