{
    "lstm": {
        "acc_mean": 0.6100510817307692,
        "acc_std": 0.03141344654086218
    },
    "csnn": {
        "acc_mean": 0.6476862980769231,
        "acc_std": 0.04454291693878184
    },
    "beta-snn": {
        "acc_mean": 0.5413161057692308,
        "acc_std": 0.040192321620092133
    }
}