{
    "lstm": {
        "acc_mean": 0.6023888221153846,
        "acc_std": 0.03470382152706065
    },
    "csnn": {
        "acc_mean": 0.6485877403846154,
        "acc_std": 0.04613211682687596
    },
    "beta-snn": {
        "acc_mean": 0.3006310096153846,
        "acc_std": 0.03915455822111944
    }
}