{
    "csnn": {
        "acc_mean": 0.9224759615384616,
        "acc_std": 0.019294047784469526
    },
    "ersnn": {
        "acc_mean": 0.9039963942307692,
        "acc_std": 0.01644085684212687
    }
}