{
    "lstm": {
        "acc_mean": 0.7137169471153846,
        "acc_std": 0.04344513180300128
    },
    "csnn": {
        "acc_mean": 0.3708683894230769,
        "acc_std": 0.027659638362777437
    },
    "ersnn": {
        "acc_mean": 0.4846754807692308,
        "acc_std": 0.02603627286350297
    }
}