{
    "lstm": {
        "acc_mean": 0.9168419471153846,
        "acc_std": 0.016681250186625935
    },
    "csnn": {
        "acc_mean": 0.9009915865384616,
        "acc_std": 0.030717821455948622
    },
    "ersnn": {
        "acc_mean": 0.8910757211538461,
        "acc_std": 0.02346781739232839
    }
}