{
    "ersnn": {
        "acc_mean": 0.5887169471153846,
        "acc_std": 0.03431266398097794
    }
}