{
    "lstm": {
        "acc_mean": 0.7007211538461539,
        "acc_std": 0.04970028223532991
    },
    "csnn": {
        "acc_mean": 0.9254056490384616,
        "acc_std": 0.011119564810664314
    },
    "ersnn": {
        "acc_mean": 0.8954326923076923,
        "acc_std": 0.028102583419504723
    }
}