{
    "lstm": {
        "acc_mean": 0.8238431490384616,
        "acc_std": 0.026278649563869896
    },
    "csnn": {
        "acc_mean": 0.9217998798076923,
        "acc_std": 0.023135921669459252
    },
    "ersnn": {
        "acc_mean": 0.904296875,
        "acc_std": 0.024316210152321743
    }
}