{
    "lstm": {
        "acc_mean": 0.4474158653846154,
        "acc_std": 0.045931313862144316
    },
    "csnn": {
        "acc_mean": 0.7292668269230769,
        "acc_std": 0.05573574042086975
    },
    "ersnn": {
        "acc_mean": 0.8596754807692308,
        "acc_std": 0.027738785824144883
    }
}