{
    "lstm": {
        "acc_mean": 0.3405949519230769,
        "acc_std": 0.022501475870758642
    },
    "csnn": {
        "acc_mean": 0.2666766826923077,
        "acc_std": 0.03744543797458691
    },
    "ersnn": {
        "acc_mean": 0.36185396634615385,
        "acc_std": 0.049596112306476016
    }
}