{
    "lstm": {
        "acc_mean": 0.7021484375,
        "acc_std": 0.03546683554166968
    },
    "csnn": {
        "acc_mean": 0.4053485576923077,
        "acc_std": 0.04133768011892595
    },
    "ersnn": {
        "acc_mean": 0.5161508413461539,
        "acc_std": 0.03816039225173144
    }
}