{
    "lstm": {
        "acc_mean": 0.6883263221153846,
        "acc_std": 0.026539337756130998
    },
    "csnn": {
        "acc_mean": 0.5618239182692308,
        "acc_std": 0.029426315842803245
    },
    "beta-snn": {
        "acc_mean": 0.4131610576923077,
        "acc_std": 0.03464922432801222
    }
}