{
    "lstm": {
        "acc_mean": 0.7738882211538461,
        "acc_std": 0.012736805273235697
    },
    "csnn": {
        "acc_mean": 0.8496844951923077,
        "acc_std": 0.027515635362535384
    },
    "beta-snn": {
        "acc_mean": 0.9598106971153846,
        "acc_std": 0.014916797245402345
    }
}