{
    "csnn": {
        "acc_mean": 0.4640174278846154,
        "acc_std": 0.03829737621765487
    },
    "ersnn": {
        "acc_mean": 0.5782001201923077,
        "acc_std": 0.04957699358947005
    }
}