{
    "lstm": {
        "acc_mean": 0.6346905048076923,
        "acc_std": 0.02009503757042749
    },
    "csnn": {
        "acc_mean": 0.9310396634615384,
        "acc_std": 0.013220300180045053
    },
    "ersnn": {
        "acc_mean": 0.9339693509615384,
        "acc_std": 0.02170427632983051
    }
}