{
    "lstm": {
        "acc_mean": 0.17645733173076922,
        "acc_std": 0.040742508168162855
    },
    "csnn": {
        "acc_mean": 0.6435546875,
        "acc_std": 0.04206026458468365
    },
    "beta-snn": {
        "acc_mean": 0.9118088942307692,
        "acc_std": 0.02532207975705275
    }
}