{
    "lstm": {
        "acc_mean": 0.764,
        "acc_std": 0.12924395537122813
    },
    "csnn": {
        "acc_mean": 0.8590000000000002,
        "acc_std": 0.10779146533933011
    },
    "beta-snn": {
        "acc_mean": 0.975,
        "acc_std": 0.049749371855330994
    }
}