{
    "csnn": {
        "acc_mean": 0.9427584134615384,
        "acc_std": 0.021172170105369256
    },
    "ersnn": {
        "acc_mean": 0.9286358173076923,
        "acc_std": 0.01856365717677701
    }
}