{
    "ersnn": {
        "acc_mean": 0.5160757211538461,
        "acc_std": 0.03175692247423655
    }
}