{
    "lstm": {
        "acc_mean": 0.3289513221153846,
        "acc_std": 0.041055985684833235
    },
    "csnn": {
        "acc_mean": 0.310546875,
        "acc_std": 0.046834292219850776
    },
    "ersnn": {
        "acc_mean": 0.8919020432692308,
        "acc_std": 0.027785028769029517
    }
}