{
    "lstm": {
        "acc_mean": 0.38461538461538464,
        "acc_std": 0.0
    },
    "csnn": {
        "acc_mean": 0.38461538461538464,
        "acc_std": 0.0
    },
    "beta-snn": {
        "acc_mean": 0.8846153846153846,
        "acc_std": 0.0
    }
}