{
    "lstm": {
        "acc_mean": 0.6758563701923077,
        "acc_std": 0.0488074914798974
    },
    "csnn": {
        "acc_mean": 0.3991887019230769,
        "acc_std": 0.0363118919321103
    },
    "ersnn": {
        "acc_mean": 0.1924579326923077,
        "acc_std": 0.023477433774223674
    }
}