{
    "ersnn": {
        "acc_mean": 0.46033653846153844,
        "acc_std": 0.03051174708530888
    }
}