{
    "ersnn": {
        "acc_mean": 0.6672926682692308,
        "acc_std": 0.024085248751253122
    }
}