{
    "lstm": {
        "acc_mean": 0.7770432692307692,
        "acc_std": 0.05396955832482444
    },
    "csnn": {
        "acc_mean": 0.9336688701923077,
        "acc_std": 0.018016165161664495
    },
    "ersnn": {
        "acc_mean": 0.8787560096153846,
        "acc_std": 0.04002912510628588
    }
}