{
    "lstm": {
        "acc_mean": 0.4158653846153846,
        "acc_std": 0.03245470518701237
    },
    "csnn": {
        "acc_mean": 0.36673677884615385,
        "acc_std": 0.03975072123089111
    },
    "ersnn": {
        "acc_mean": 0.6588040865384616,
        "acc_std": 0.04929052504372495
    }
}