{
    "csnn": {
        "acc_mean": 0.3544170673076923,
        "acc_std": 0.049346362270580854
    },
    "ersnn": {
        "acc_mean": 0.4538010817307692,
        "acc_std": 0.04066320609969626
    }
}