{
    "lstm": {
        "acc_mean": 0.8760516826923077,
        "acc_std": 0.030016133862570484
    },
    "csnn": {
        "acc_mean": 0.9020432692307692,
        "acc_std": 0.014023151309588984
    },
    "beta-snn": {
        "acc_mean": 0.9768629807692308,
        "acc_std": 0.010136495068168872
    }
}