{
    "ersnn": {
        "acc_mean": 0.5214092548076923,
        "acc_std": 0.03717705830837217
    }
}