{
    "lstm": {
        "acc_mean": 0.7307692307692307,
        "acc_std": 0.0
    },
    "csnn": {
        "acc_mean": 0.9038461538461539,
        "acc_std": 0.0
    },
    "beta-snn": {
        "acc_mean": 0.9615384615384616,
        "acc_std": 0.0
    }
}