{
    "lstm": {
        "acc_mean": 0.2997295673076923,
        "acc_std": 0.045729135558533696
    },
    "csnn": {
        "acc_mean": 0.2645733173076923,
        "acc_std": 0.034321625852957
    },
    "ersnn": {
        "acc_mean": 0.8015324519230769,
        "acc_std": 0.029419123641493586
    }
}