{
    "lstm": {
        "acc_mean": 0.7900390625,
        "acc_std": 0.02484003387104864
    },
    "csnn": {
        "acc_mean": 0.7925931490384616,
        "acc_std": 0.03487705218412998
    },
    "beta-snn": {
        "acc_mean": 0.6846454326923077,
        "acc_std": 0.020372396718731114
    }
}