{
    "lstm": {
        "acc_mean": 0.3894981971153846,
        "acc_std": 0.041461378669675836
    },
    "csnn": {
        "acc_mean": 0.7649489182692308,
        "acc_std": 0.02521611538556456
    },
    "beta-snn": {
        "acc_mean": 0.9408052884615384,
        "acc_std": 0.009138765820760545
    }
}