{
    "lstm": {
        "acc_mean": 0.7865084134615384,
        "acc_std": 0.057531474974068283
    },
    "csnn": {
        "acc_mean": 0.8973106971153846,
        "acc_std": 0.03794328275262987
    },
    "beta-snn": {
        "acc_mean": 0.8058143028846154,
        "acc_std": 0.02877789760460642
    }
}