{
    "lstm": {
        "acc_mean": 0.7710336538461539,
        "acc_std": 0.02735365416573379
    },
    "csnn": {
        "acc_mean": 0.9045222355769231,
        "acc_std": 0.01837959468023246
    },
    "beta-snn": {
        "acc_mean": 0.9625150240384616,
        "acc_std": 0.012765792072551626
    }
}