{
    "lstm": {
        "acc_mean": 0.31580528846153844,
        "acc_std": 0.026629445962866018
    },
    "csnn": {
        "acc_mean": 0.27185997596153844,
        "acc_std": 0.03872815667851471
    },
    "beta-snn": {
        "acc_mean": 0.18502103365384615,
        "acc_std": 0.03135590974391439
    }
}