{
    "lstm": {
        "acc_mean": 0.3272986778846154,
        "acc_std": 0.03402065708345108
    },
    "csnn": {
        "acc_mean": 0.29920372596153844,
        "acc_std": 0.04656524944584281
    },
    "beta-snn": {
        "acc_mean": 0.11696213942307693,
        "acc_std": 0.027069861224753584
    }
}