{
    "lstm": {
        "acc_mean": 0.8559945913461539,
        "acc_std": 0.015555322347429748
    },
    "csnn": {
        "acc_mean": 0.89453125,
        "acc_std": 0.015625
    },
    "beta-snn": {
        "acc_mean": 0.9643930288461539,
        "acc_std": 0.01787481779522676
    }
}