{
    "lstm": {
        "acc_mean": 0.6298828125,
        "acc_std": 0.04260096506091257
    },
    "csnn": {
        "acc_mean": 0.3665114182692308,
        "acc_std": 0.020888141715356058
    },
    "ersnn": {
        "acc_mean": 0.5543870192307692,
        "acc_std": 0.046706157022189644
    }
}