{
    "lstm": {
        "acc_mean": 0.4178936298076923,
        "acc_std": 0.03222148404489542
    },
    "csnn": {
        "acc_mean": 0.2765174278846154,
        "acc_std": 0.03034623333992243
    },
    "ersnn": {
        "acc_mean": 0.43704927884615385,
        "acc_std": 0.03058969497619409
    }
}