{
    "lstm": {
        "acc_mean": 0.5185546875,
        "acc_std": 0.04020544697312285
    },
    "csnn": {
        "acc_mean": 0.4432842548076923,
        "acc_std": 0.04279814324600368
    },
    "beta-snn": {
        "acc_mean": 0.4533503605769231,
        "acc_std": 0.06346260372237031
    }
}