{
    "lstm": {
        "acc_mean": 0.4864783653846154,
        "acc_std": 0.028957055943173514
    },
    "csnn": {
        "acc_mean": 0.4308894230769231,
        "acc_std": 0.04863984595194479
    },
    "beta-snn": {
        "acc_mean": 0.14678485576923078,
        "acc_std": 0.02669843921497678
    }
}