{
    "lstm": {
        "acc_mean": 0.22385817307692307,
        "acc_std": 0.03290778904718627
    },
    "csnn": {
        "acc_mean": 0.6291316105769231,
        "acc_std": 0.04896678490617012
    },
    "beta-snn": {
        "acc_mean": 0.6959885817307692,
        "acc_std": 0.04297866419631541
    }
}