{
    "lstm": {
        "acc_mean": 0.22265625,
        "acc_std": 0.0358013726168425
    },
    "csnn": {
        "acc_mean": 0.6906550480769231,
        "acc_std": 0.044238841873455975
    },
    "beta-snn": {
        "acc_mean": 0.9498197115384616,
        "acc_std": 0.022522030891158066
    }
}