{
    "lstm": {
        "acc_mean": 0.4561298076923077,
        "acc_std": 0.033142906256311395
    },
    "csnn": {
        "acc_mean": 0.8312800480769231,
        "acc_std": 0.039217920745346704
    },
    "ersnn": {
        "acc_mean": 0.9278846153846154,
        "acc_std": 0.009280916593437797
    }
}