{
    "lstm": {
        "acc_mean": 0.7237830528846154,
        "acc_std": 0.055370818074208336
    },
    "csnn": {
        "acc_mean": 0.3731219951923077,
        "acc_std": 0.035883792268614594
    },
    "ersnn": {
        "acc_mean": 0.42435396634615385,
        "acc_std": 0.031130500153560222
    }
}