{
    "ersnn": {
        "acc_mean": 0.8303786057692308,
        "acc_std": 0.029576757279649025
    }
}