{
    "ersnn": {
        "acc_mean": 0.4391526442307692,
        "acc_std": 0.03908185310156555
    }
}