{
    "lstm": {
        "acc_mean": 0.21897536057692307,
        "acc_std": 0.040815573321338186
    },
    "csnn": {
        "acc_mean": 0.30701622596153844,
        "acc_std": 0.045841231818958855
    },
    "ersnn": {
        "acc_mean": 0.5577674278846154,
        "acc_std": 0.06271159452810587
    }
}