{
    "lstm": {
        "acc_mean": 0.8955078125,
        "acc_std": 0.0374547049038381
    },
    "csnn": {
        "acc_mean": 0.8352614182692308,
        "acc_std": 0.01985092834473292
    },
    "ersnn": {
        "acc_mean": 0.7580378605769231,
        "acc_std": 0.029237778630180126
    }
}