{
    "ersnn": {
        "acc_mean": 0.9108323317307692,
        "acc_std": 0.040627108533519286
    }
}