{
    "ersnn": {
        "acc_mean": 0.8949819711538461,
        "acc_std": 0.02024569318602719
    }
}