{
    "ersnn": {
        "acc_mean": 0.7848557692307692,
        "acc_std": 0.025673088177035848
    }
}