{
    "lstm": {
        "acc_mean": 0.3272986778846154,
        "acc_std": 0.06345122104530196
    },
    "csnn": {
        "acc_mean": 0.7251352163461539,
        "acc_std": 0.02139950013942061
    },
    "ersnn": {
        "acc_mean": 0.8126502403846154,
        "acc_std": 0.02915399081931931
    }
}