{
    "lstm": {
        "acc_mean": 0.8006310096153846,
        "acc_std": 0.04461886485967602
    },
    "csnn": {
        "acc_mean": 0.9480919471153846,
        "acc_std": 0.008604131853491655
    },
    "ersnn": {
        "acc_mean": 0.9514723557692308,
        "acc_std": 0.015370846969633352
    }
}