{
    "lstm": {
        "acc_mean": 0.7445913461538461,
        "acc_std": 0.0376932735109777
    },
    "csnn": {
        "acc_mean": 0.4344951923076923,
        "acc_std": 0.047667654021593474
    },
    "ersnn": {
        "acc_mean": 0.5499549278846154,
        "acc_std": 0.03097785865872064
    }
}