{
    "lstm": {
        "acc_mean": 0.8058143028846154,
        "acc_std": 0.024166645723832092
    },
    "csnn": {
        "acc_mean": 0.7804236778846154,
        "acc_std": 0.03215837438187699
    },
    "beta-snn": {
        "acc_mean": 0.6468599759615384,
        "acc_std": 0.02422169032035541
    }
}