{
    "lstm": {
        "acc_mean": 0.22618689903846154,
        "acc_std": 0.033739504949462644
    },
    "csnn": {
        "acc_mean": 0.7178485576923077,
        "acc_std": 0.052170419212075374
    },
    "beta-snn": {
        "acc_mean": 0.3212139423076923,
        "acc_std": 0.048121035952068014
    }
}