{
    "lstm": {
        "acc_mean": 0.22100360576923078,
        "acc_std": 0.023668940954145158
    },
    "csnn": {
        "acc_mean": 0.6564753605769231,
        "acc_std": 0.03893161492841196
    },
    "beta-snn": {
        "acc_mean": 0.8343599759615384,
        "acc_std": 0.04159237560728999
    }
}