{
    "lstm": {
        "acc_mean": 0.7195763221153846,
        "acc_std": 0.053527709930324525
    },
    "csnn": {
        "acc_mean": 0.6319861778846154,
        "acc_std": 0.054300572683225995
    },
    "ersnn": {
        "acc_mean": 0.8353365384615384,
        "acc_std": 0.03268479480982488
    }
}