{
    "lstm": {
        "acc_mean": 0.35494290865384615,
        "acc_std": 0.03667827528458335
    },
    "csnn": {
        "acc_mean": 0.28861177884615385,
        "acc_std": 0.03905065232681851
    },
    "beta-snn": {
        "acc_mean": 0.3849909855769231,
        "acc_std": 0.033990123101545054
    }
}