{
    "lstm": {
        "acc_mean": 0.28748497596153844,
        "acc_std": 0.028619807422956604
    },
    "csnn": {
        "acc_mean": 0.2877854567307692,
        "acc_std": 0.03553359789981045
    },
    "beta-snn": {
        "acc_mean": 0.3192608173076923,
        "acc_std": 0.03191149624408922
    }
}