{
    "csnn": {
        "acc_mean": 0.6536959134615384,
        "acc_std": 0.04574591508218267
    },
    "ersnn": {
        "acc_mean": 0.7437650240384616,
        "acc_std": 0.02928868768118121
    }
}