{
    "lstm": {
        "acc_mean": 0.7472205528846154,
        "acc_std": 0.03266536586385614
    },
    "csnn": {
        "acc_mean": 0.8949068509615384,
        "acc_std": 0.019054929403157953
    },
    "beta-snn": {
        "acc_mean": 0.9622145432692308,
        "acc_std": 0.008511817246065216
    }
}