{
    "ersnn": {
        "acc_mean": 0.5129957932692308,
        "acc_std": 0.04691537175648471
    }
}