{
    "lstm": {
        "acc_mean": 0.11538461538461539,
        "acc_std": 0.0
    },
    "csnn": {
        "acc_mean": 0.36538461538461536,
        "acc_std": 0.0
    },
    "beta-snn": {
        "acc_mean": 0.9230769230769231,
        "acc_std": 0.0
    }
}