{
    "lstm": {
        "acc_mean": 0.8072415865384616,
        "acc_std": 0.044086529859988885
    },
    "csnn": {
        "acc_mean": 0.6573016826923077,
        "acc_std": 0.046379038823329916
    },
    "ersnn": {
        "acc_mean": 0.7786207932692308,
        "acc_std": 0.030914400672634783
    }
}