{
    "lstm": {
        "acc_mean": 0.46439302884615385,
        "acc_std": 0.040957799474276635
    },
    "csnn": {
        "acc_mean": 0.8239182692307692,
        "acc_std": 0.04567703044629775
    },
    "ersnn": {
        "acc_mean": 0.8592247596153846,
        "acc_std": 0.03140239687110918
    }
}