{
    "ersnn": {
        "acc_mean": 0.2619441105769231,
        "acc_std": 0.031470878146036954
    }
}