{
    "lstm": {
        "acc_mean": 0.8138521634615384,
        "acc_std": 0.030775084305554076
    },
    "csnn": {
        "acc_mean": 0.8684645432692308,
        "acc_std": 0.018943251199397906
    },
    "beta-snn": {
        "acc_mean": 0.9561298076923077,
        "acc_std": 0.01352497287851791
    }
}