{
    "lstm": {
        "acc_mean": 0.8086688701923077,
        "acc_std": 0.04007892823395323
    },
    "csnn": {
        "acc_mean": 0.9117337740384616,
        "acc_std": 0.03341616021696496
    },
    "ersnn": {
        "acc_mean": 0.9612379807692308,
        "acc_std": 0.013159548341621505
    }
}