{
    "ersnn": {
        "acc_mean": 0.2560847355769231,
        "acc_std": 0.022038656474826192
    }
}