{
    "lstm": {
        "acc_mean": 0.7424879807692308,
        "acc_std": 0.045741227305528764
    },
    "csnn": {
        "acc_mean": 0.5440955528846154,
        "acc_std": 0.032915933361928
    },
    "ersnn": {
        "acc_mean": 0.16624098557692307,
        "acc_std": 0.030953803702461105
    }
}