{
    "lstm": {
        "acc_mean": 0.6859224759615384,
        "acc_std": 0.029368728915378794
    },
    "csnn": {
        "acc_mean": 0.7143930288461539,
        "acc_std": 0.025596923068750967
    },
    "beta-snn": {
        "acc_mean": 0.8074669471153846,
        "acc_std": 0.03113847503685013
    }
}