{
    "lstm": {
        "acc_mean": 0.6751051682692308,
        "acc_std": 0.03978045089633236
    },
    "csnn": {
        "acc_mean": 0.6953876201923077,
        "acc_std": 0.038503110866203547
    },
    "beta-snn": {
        "acc_mean": 0.4131610576923077,
        "acc_std": 0.03171317940123376
    }
}