{
    "lstm": {
        "acc_mean": 0.18118990384615385,
        "acc_std": 0.03261842967574979
    },
    "csnn": {
        "acc_mean": 0.3466796875,
        "acc_std": 0.031234737483827102
    },
    "ersnn": {
        "acc_mean": 0.5584435096153846,
        "acc_std": 0.04108545759907813
    }
}