{
    "csnn": {
        "acc_mean": 0.9078275240384616,
        "acc_std": 0.02343352696077465
    },
    "ersnn": {
        "acc_mean": 0.9144381009615384,
        "acc_std": 0.019854339303707322
    }
}