{
    "csnn": {
        "acc_mean": 0.5311748798076923,
        "acc_std": 0.041510347051798284
    },
    "ersnn": {
        "acc_mean": 0.6727764423076923,
        "acc_std": 0.03233625441974223
    }
}