{
    "ersnn": {
        "acc_mean": 0.48572716346153844,
        "acc_std": 0.04780360069591756
    }
}