{
    "ersnn": {
        "acc_mean": 0.873046875,
        "acc_std": 0.022354537387225776
    }
}