{
    "lstm": {
        "acc_mean": 0.33060396634615385,
        "acc_std": 0.04028508984089147
    },
    "csnn": {
        "acc_mean": 0.2706580528846154,
        "acc_std": 0.03735876026269785
    },
    "ersnn": {
        "acc_mean": 0.4942157451923077,
        "acc_std": 0.04993673757883056
    }
}