{
    "csnn": {
        "acc_mean": 0.4248046875,
        "acc_std": 0.05268914437584457
    },
    "ersnn": {
        "acc_mean": 0.5244140625,
        "acc_std": 0.03415177431649553
    }
}