{
    "lstm": {
        "acc_mean": 0.8508864182692308,
        "acc_std": 0.02074718533432329
    },
    "csnn": {
        "acc_mean": 0.7433894230769231,
        "acc_std": 0.021357398610476995
    },
    "ersnn": {
        "acc_mean": 0.8930288461538461,
        "acc_std": 0.018208242076373938
    }
}