{
    "lstm": {
        "acc_mean": 0.8096454326923077,
        "acc_std": 0.03929611862118658
    },
    "csnn": {
        "acc_mean": 0.8876201923076923,
        "acc_std": 0.016883169216202094
    },
    "ersnn": {
        "acc_mean": 0.8790564903846154,
        "acc_std": 0.038443634561069674
    }
}