{
    "csnn": {
        "acc_mean": 0.9146634615384616,
        "acc_std": 0.025914615492716748
    },
    "ersnn": {
        "acc_mean": 0.9079026442307692,
        "acc_std": 0.015062301036874321
    }
}