{
    "lstm": {
        "acc_mean": 0.8319561298076923,
        "acc_std": 0.03524850432134659
    },
    "csnn": {
        "acc_mean": 0.8711688701923077,
        "acc_std": 0.028345606945237765
    },
    "beta-snn": {
        "acc_mean": 0.9739332932692308,
        "acc_std": 0.01341079538171831
    }
}