{
    "lstm": {
        "acc_mean": 0.7041766826923077,
        "acc_std": 0.05500419284707005
    },
    "csnn": {
        "acc_mean": 0.3680138221153846,
        "acc_std": 0.03842741112405912
    },
    "ersnn": {
        "acc_mean": 0.6652644230769231,
        "acc_std": 0.022946974870236524
    }
}