{
    "lstm": {
        "acc_mean": 0.8302283653846154,
        "acc_std": 0.030535411071094077
    },
    "csnn": {
        "acc_mean": 0.8903245192307692,
        "acc_std": 0.02574157562310981
    },
    "beta-snn": {
        "acc_mean": 0.9675480769230769,
        "acc_std": 0.016452522622600753
    }
}