{
    "lstm": {
        "acc_mean": 0.8816856971153846,
        "acc_std": 0.023922567493752336
    },
    "csnn": {
        "acc_mean": 0.9347205528846154,
        "acc_std": 0.016433132286790438
    },
    "ersnn": {
        "acc_mean": 0.9680739182692308,
        "acc_std": 0.009175432571736888
    }
}