{
    "ersnn": {
        "acc_mean": 0.8861177884615384,
        "acc_std": 0.03153330576481747
    }
}