{
    "lstm": {
        "acc_mean": 0.32279146634615385,
        "acc_std": 0.03403060789326061
    },
    "csnn": {
        "acc_mean": 0.2950721153846154,
        "acc_std": 0.03332899317428393
    },
    "ersnn": {
        "acc_mean": 0.703125,
        "acc_std": 0.023109686652732876
    }
}