{
    "lstm": {
        "acc_mean": 0.9202974759615384,
        "acc_std": 0.027702856255548514
    },
    "csnn": {
        "acc_mean": 0.9124849759615384,
        "acc_std": 0.022330669640980808
    },
    "ersnn": {
        "acc_mean": 0.9571063701923077,
        "acc_std": 0.008770423200618674
    }
}