{
    "lstm": {
        "acc_mean": 0.7221304086538461,
        "acc_std": 0.026673381024075758
    },
    "csnn": {
        "acc_mean": 0.4880558894230769,
        "acc_std": 0.05677054153719989
    },
    "ersnn": {
        "acc_mean": 0.7501502403846154,
        "acc_std": 0.02529532353681958
    }
}