{
    "lstm": {
        "acc_mean": 0.38461538461538464,
        "acc_std": 0.0
    },
    "csnn": {
        "acc_mean": 0.7884615384615384,
        "acc_std": 0.0
    },
    "beta-snn": {
        "acc_mean": 0.9615384615384616,
        "acc_std": 0.0
    }
}