{
    "lstm": {
        "acc_mean": 0.6410757211538461,
        "acc_std": 0.04656361340987908
    },
    "csnn": {
        "acc_mean": 0.8638070913461539,
        "acc_std": 0.04102848697230125
    },
    "ersnn": {
        "acc_mean": 0.9393028846153846,
        "acc_std": 0.031369674233122556
    }
}