{
    "lstm": {
        "acc_mean": 0.7136418269230769,
        "acc_std": 0.04061828752294006
    },
    "csnn": {
        "acc_mean": 0.3717698317307692,
        "acc_std": 0.05027281016996863
    },
    "ersnn": {
        "acc_mean": 0.4385516826923077,
        "acc_std": 0.036364070464975626
    }
}