{
    "csnn": {
        "acc_mean": 0.8238431490384616,
        "acc_std": 0.014749405478295712
    },
    "ersnn": {
        "acc_mean": 0.6632361778846154,
        "acc_std": 0.030663672358351778
    }
}