{
    "lstm": {
        "acc_mean": 0.17307692307692307,
        "acc_std": 0.0
    },
    "csnn": {
        "acc_mean": 0.2692307692307692,
        "acc_std": 0.0
    },
    "beta-snn": {
        "acc_mean": 0.2692307692307692,
        "acc_std": 0.0
    }
}