{
    "lstm": {
        "acc_mean": 0.8846153846153846,
        "acc_std": 0.0
    },
    "csnn": {
        "acc_mean": 0.9423076923076923,
        "acc_std": 0.0
    },
    "beta-snn": {
        "acc_mean": 0.9615384615384616,
        "acc_std": 0.0
    }
}