{
    "lstm": {
        "acc_mean": 0.28455528846153844,
        "acc_std": 0.03076077858670608
    },
    "csnn": {
        "acc_mean": 0.3035606971153846,
        "acc_std": 0.056799161783985225
    },
    "ersnn": {
        "acc_mean": 0.8813100961538461,
        "acc_std": 0.024212486067215478
    }
}